filename,label,class_name,speaker_id,split,dataset,protocol
LA_T_6919433.flac,1,FAKE,LA_0092,train,ASVspoof2019_LA,ASVspoof2019.LA.cm.train.trn.txt
LA_T_8614786.flac,1,FAKE,LA_0092,train,ASVspoof2019_LA,ASVspoof2019.LA.cm.train.trn.txt
LA_T_6571094.flac,1,FAKE,LA_0086,train,ASVspoof2019_LA,ASVspoof2019.LA.cm.train.trn.txt
LA_T_3132165.flac,1,FAKE,LA_0082,train,ASVspoof2019_LA,ASVspoof2019.LA.cm.train.trn.txt
LA_T_5959553.flac,0,REAL,LA_0092,train,ASVspoof2019_LA,ASVspoof2019.LA.cm.train.trn.txt
LA_T_7070603.flac,1,FAKE,LA_0088,train,ASVspoof2019_LA,ASVspoof2019.LA.cm.train.trn.txt
LA_T_6796337.flac,1,FAKE,LA_0097,train,ASVspoof2019_LA,ASVspoof2019.LA.cm.train.trn.txt
LA_T_3683064.flac,1,FAKE,LA_0088,train,ASVspoof2019_LA,ASVspoof2019.LA.cm.train.trn.txt
LA_T_3324120.flac,1,FAKE,LA_0097,train,ASVspoof2019_LA,ASVspoof2019.LA.cm.train.trn.txt
LA_T_3747046.flac,0,REAL,LA_0088,train,ASVspoof2019_LA,ASVspoof2019.LA.cm.train.trn.txt
LA_T_7648752.flac,1,FAKE,LA_0091,train,ASVspoof2019_LA,ASVspoof2019.LA.cm.train.trn.txt
LA_T_7579441.flac,0,REAL,LA_0097,train,ASVspoof2019_LA,ASVspoof2019.LA.cm.train.trn.txt
LA_T_5415449.flac,1,FAKE,LA_0095,train,ASVspoof2019_LA,ASVspoof2019.LA.cm.train.trn.txt
LA_T_7845532.flac,1,FAKE,LA_0091,train,ASVspoof2019_LA,ASVspoof2019.LA.cm.train.trn.txt
LA_T_3544252.flac,1,FAKE,LA_0098,train,ASVspoof2019_LA,ASVspoof2019.LA.cm.train.trn.txt
LA_T_8608373.flac,1,FAKE,LA_0098,train,ASVspoof2019_LA,ASVspoof2019.LA.cm.train.trn.txt
LA_T_1662243.flac,0,REAL,LA_0095,train,ASVspoof2019_LA,ASVspoof2019.LA.cm.train.trn.txt
LA_T_9567316.flac,1,FAKE,LA_0084,train,ASVspoof2019_LA,ASVspoof2019.LA.cm.train.trn.txt
LA_T_6576205.flac,1,FAKE,LA_0088,train,ASVspoof2019_LA,ASVspoof2019.LA.cm.train.trn.txt
LA_T_4198628.flac,0,REAL,LA_0082,train,ASVspoof2019_LA,ASVspoof2019.LA.cm.train.trn.txt
LA_T_4244044.flac,1,FAKE,LA_0097,train,ASVspoof2019_LA,ASVspoof2019.LA.cm.train.trn.txt
LA_T_6160841.flac,0,REAL,LA_0092,train,ASVspoof2019_LA,ASVspoof2019.LA.cm.train.trn.txt
LA_T_5420024.flac,0,REAL,LA_0098,train,ASVspoof2019_LA,ASVspoof2019.LA.cm.train.trn.txt
LA_T_5379096.flac,1,FAKE,LA_0092,train,ASVspoof2019_LA,ASVspoof2019.LA.cm.train.trn.txt
LA_T_8947818.flac,0,REAL,LA_0090,train,ASVspoof2019_LA,ASVspoof2019.LA.cm.train.trn.txt
LA_T_3362906.flac,0,REAL,LA_0082,train,ASVspoof2019_LA,ASVspoof2019.LA.cm.train.trn.txt
LA_T_1861398.flac,0,REAL,LA_0086,train,ASVspoof2019_LA,ASVspoof2019.LA.cm.train.trn.txt
LA_T_4947096.flac,1,FAKE,LA_0093,train,ASVspoof2019_LA,ASVspoof2019.LA.cm.train.trn.txt
LA_T_1812468.flac,1,FAKE,LA_0091,train,ASVspoof2019_LA,ASVspoof2019.LA.cm.train.trn.txt
LA_T_2773317.flac,1,FAKE,LA_0096,train,ASVspoof2019_LA,ASVspoof2019.LA.cm.train.trn.txt
LA_T_1429012.flac,0,REAL,LA_0093,train,ASVspoof2019_LA,ASVspoof2019.LA.cm.train.trn.txt
LA_T_4630790.flac,0,REAL,LA_0093,train,ASVspoof2019_LA,ASVspoof2019.LA.cm.train.trn.txt
LA_T_4583580.flac,1,FAKE,LA_0098,train,ASVspoof2019_LA,ASVspoof2019.LA.cm.train.trn.txt
LA_T_9728429.flac,0,REAL,LA_0082,train,ASVspoof2019_LA,ASVspoof2019.LA.cm.train.trn.txt
LA_T_2522205.flac,0,REAL,LA_0094,train,ASVspoof2019_LA,ASVspoof2019.LA.cm.train.trn.txt
LA_T_9382795.flac,0,REAL,LA_0091,train,ASVspoof2019_LA,ASVspoof2019.LA.cm.train.trn.txt
LA_T_4144683.flac,1,FAKE,LA_0098,train,ASVspoof2019_LA,ASVspoof2019.LA.cm.train.trn.txt
LA_T_6785696.flac,1,FAKE,LA_0087,train,ASVspoof2019_LA,ASVspoof2019.LA.cm.train.trn.txt
LA_T_9042927.flac,1,FAKE,LA_0094,train,ASVspoof2019_LA,ASVspoof2019.LA.cm.train.trn.txt
LA_T_9378967.flac,0,REAL,LA_0098,train,ASVspoof2019_LA,ASVspoof2019.LA.cm.train.trn.txt
LA_T_6615690.flac,0,REAL,LA_0094,train,ASVspoof2019_LA,ASVspoof2019.LA.cm.train.trn.txt
LA_T_4043474.flac,0,REAL,LA_0085,train,ASVspoof2019_LA,ASVspoof2019.LA.cm.train.trn.txt
LA_T_3769139.flac,0,REAL,LA_0098,train,ASVspoof2019_LA,ASVspoof2019.LA.cm.train.trn.txt
LA_T_4614553.flac,1,FAKE,LA_0093,train,ASVspoof2019_LA,ASVspoof2019.LA.cm.train.trn.txt
LA_T_4360430.flac,0,REAL,LA_0096,train,ASVspoof2019_LA,ASVspoof2019.LA.cm.train.trn.txt
LA_T_2239255.flac,0,REAL,LA_0096,train,ASVspoof2019_LA,ASVspoof2019.LA.cm.train.trn.txt
LA_T_6023616.flac,1,FAKE,LA_0098,train,ASVspoof2019_LA,ASVspoof2019.LA.cm.train.trn.txt
LA_T_4207818.flac,1,FAKE,LA_0081,train,ASVspoof2019_LA,ASVspoof2019.LA.cm.train.trn.txt
LA_T_2366817.flac,0,REAL,LA_0085,train,ASVspoof2019_LA,ASVspoof2019.LA.cm.train.trn.txt
LA_T_4656551.flac,1,FAKE,LA_0095,train,ASVspoof2019_LA,ASVspoof2019.LA.cm.train.trn.txt
LA_T_5181234.flac,1,FAKE,LA_0082,train,ASVspoof2019_LA,ASVspoof2019.LA.cm.train.trn.txt
LA_T_2050961.flac,1,FAKE,LA_0089,train,ASVspoof2019_LA,ASVspoof2019.LA.cm.train.trn.txt
LA_T_4720967.flac,0,REAL,LA_0087,train,ASVspoof2019_LA,ASVspoof2019.LA.cm.train.trn.txt
LA_T_3303089.flac,1,FAKE,LA_0091,train,ASVspoof2019_LA,ASVspoof2019.LA.cm.train.trn.txt
LA_T_4606578.flac,0,REAL,LA_0084,train,ASVspoof2019_LA,ASVspoof2019.LA.cm.train.trn.txt
LA_T_8052308.flac,0,REAL,LA_0084,train,ASVspoof2019_LA,ASVspoof2019.LA.cm.train.trn.txt
LA_T_6962997.flac,1,FAKE,LA_0097,train,ASVspoof2019_LA,ASVspoof2019.LA.cm.train.trn.txt
LA_T_6175341.flac,0,REAL,LA_0097,train,ASVspoof2019_LA,ASVspoof2019.LA.cm.train.trn.txt
LA_T_7692745.flac,0,REAL,LA_0096,train,ASVspoof2019_LA,ASVspoof2019.LA.cm.train.trn.txt
LA_T_7913097.flac,1,FAKE,LA_0086,train,ASVspoof2019_LA,ASVspoof2019.LA.cm.train.trn.txt
LA_T_1131312.flac,0,REAL,LA_0092,train,ASVspoof2019_LA,ASVspoof2019.LA.cm.train.trn.txt
LA_T_7357748.flac,0,REAL,LA_0087,train,ASVspoof2019_LA,ASVspoof2019.LA.cm.train.trn.txt
LA_T_5320272.flac,1,FAKE,LA_0088,train,ASVspoof2019_LA,ASVspoof2019.LA.cm.train.trn.txt
LA_T_5387155.flac,0,REAL,LA_0084,train,ASVspoof2019_LA,ASVspoof2019.LA.cm.train.trn.txt
LA_T_5105792.flac,1,FAKE,LA_0091,train,ASVspoof2019_LA,ASVspoof2019.LA.cm.train.trn.txt
LA_T_8059710.flac,1,FAKE,LA_0091,train,ASVspoof2019_LA,ASVspoof2019.LA.cm.train.trn.txt
LA_T_5103030.flac,1,FAKE,LA_0088,train,ASVspoof2019_LA,ASVspoof2019.LA.cm.train.trn.txt
LA_T_1399443.flac,1,FAKE,LA_0085,train,ASVspoof2019_LA,ASVspoof2019.LA.cm.train.trn.txt
LA_T_2147294.flac,0,REAL,LA_0091,train,ASVspoof2019_LA,ASVspoof2019.LA.cm.train.trn.txt
LA_T_9144261.flac,1,FAKE,LA_0090,train,ASVspoof2019_LA,ASVspoof2019.LA.cm.train.trn.txt
LA_T_9048990.flac,0,REAL,LA_0092,train,ASVspoof2019_LA,ASVspoof2019.LA.cm.train.trn.txt
LA_T_8214917.flac,0,REAL,LA_0083,train,ASVspoof2019_LA,ASVspoof2019.LA.cm.train.trn.txt
LA_T_2445227.flac,1,FAKE,LA_0090,train,ASVspoof2019_LA,ASVspoof2019.LA.cm.train.trn.txt
LA_T_4943959.flac,1,FAKE,LA_0091,train,ASVspoof2019_LA,ASVspoof2019.LA.cm.train.trn.txt
LA_T_9329650.flac,0,REAL,LA_0093,train,ASVspoof2019_LA,ASVspoof2019.LA.cm.train.trn.txt
LA_T_3141223.flac,0,REAL,LA_0079,train,ASVspoof2019_LA,ASVspoof2019.LA.cm.train.trn.txt
LA_T_2216491.flac,1,FAKE,LA_0088,train,ASVspoof2019_LA,ASVspoof2019.LA.cm.train.trn.txt
LA_T_2345808.flac,0,REAL,LA_0091,train,ASVspoof2019_LA,ASVspoof2019.LA.cm.train.trn.txt
LA_T_8287825.flac,1,FAKE,LA_0079,train,ASVspoof2019_LA,ASVspoof2019.LA.cm.train.trn.txt
LA_T_4369129.flac,0,REAL,LA_0082,train,ASVspoof2019_LA,ASVspoof2019.LA.cm.train.trn.txt
LA_T_9682590.flac,1,FAKE,LA_0091,train,ASVspoof2019_LA,ASVspoof2019.LA.cm.train.trn.txt
LA_T_6877652.flac,0,REAL,LA_0095,train,ASVspoof2019_LA,ASVspoof2019.LA.cm.train.trn.txt
LA_T_7478780.flac,0,REAL,LA_0085,train,ASVspoof2019_LA,ASVspoof2019.LA.cm.train.trn.txt
LA_T_6946670.flac,0,REAL,LA_0082,train,ASVspoof2019_LA,ASVspoof2019.LA.cm.train.trn.txt
LA_T_1406603.flac,0,REAL,LA_0092,train,ASVspoof2019_LA,ASVspoof2019.LA.cm.train.trn.txt
LA_T_9395136.flac,1,FAKE,LA_0089,train,ASVspoof2019_LA,ASVspoof2019.LA.cm.train.trn.txt
LA_T_5250999.flac,1,FAKE,LA_0094,train,ASVspoof2019_LA,ASVspoof2019.LA.cm.train.trn.txt
LA_T_3588194.flac,1,FAKE,LA_0090,train,ASVspoof2019_LA,ASVspoof2019.LA.cm.train.trn.txt
LA_T_1508822.flac,1,FAKE,LA_0091,train,ASVspoof2019_LA,ASVspoof2019.LA.cm.train.trn.txt
LA_T_7630574.flac,0,REAL,LA_0091,train,ASVspoof2019_LA,ASVspoof2019.LA.cm.train.trn.txt
LA_T_8710866.flac,0,REAL,LA_0088,train,ASVspoof2019_LA,ASVspoof2019.LA.cm.train.trn.txt
LA_T_6442486.flac,0,REAL,LA_0091,train,ASVspoof2019_LA,ASVspoof2019.LA.cm.train.trn.txt
LA_T_8953521.flac,1,FAKE,LA_0089,train,ASVspoof2019_LA,ASVspoof2019.LA.cm.train.trn.txt
LA_T_3197072.flac,0,REAL,LA_0092,train,ASVspoof2019_LA,ASVspoof2019.LA.cm.train.trn.txt
LA_T_5150268.flac,1,FAKE,LA_0093,train,ASVspoof2019_LA,ASVspoof2019.LA.cm.train.trn.txt
LA_T_9469062.flac,0,REAL,LA_0088,train,ASVspoof2019_LA,ASVspoof2019.LA.cm.train.trn.txt
LA_T_7723562.flac,1,FAKE,LA_0093,train,ASVspoof2019_LA,ASVspoof2019.LA.cm.train.trn.txt
LA_T_3068473.flac,0,REAL,LA_0082,train,ASVspoof2019_LA,ASVspoof2019.LA.cm.train.trn.txt
LA_T_9772981.flac,0,REAL,LA_0082,train,ASVspoof2019_LA,ASVspoof2019.LA.cm.train.trn.txt
LA_T_1262557.flac,1,FAKE,LA_0085,train,ASVspoof2019_LA,ASVspoof2019.LA.cm.train.trn.txt
LA_T_1998317.flac,1,FAKE,LA_0093,train,ASVspoof2019_LA,ASVspoof2019.LA.cm.train.trn.txt
LA_T_6688612.flac,0,REAL,LA_0097,train,ASVspoof2019_LA,ASVspoof2019.LA.cm.train.trn.txt
LA_T_7939704.flac,1,FAKE,LA_0084,train,ASVspoof2019_LA,ASVspoof2019.LA.cm.train.trn.txt
LA_T_3657309.flac,0,REAL,LA_0097,train,ASVspoof2019_LA,ASVspoof2019.LA.cm.train.trn.txt
LA_T_8944036.flac,1,FAKE,LA_0092,train,ASVspoof2019_LA,ASVspoof2019.LA.cm.train.trn.txt
LA_T_9017192.flac,1,FAKE,LA_0090,train,ASVspoof2019_LA,ASVspoof2019.LA.cm.train.trn.txt
LA_T_3011280.flac,1,FAKE,LA_0080,train,ASVspoof2019_LA,ASVspoof2019.LA.cm.train.trn.txt
LA_T_8508886.flac,1,FAKE,LA_0096,train,ASVspoof2019_LA,ASVspoof2019.LA.cm.train.trn.txt
LA_T_2507487.flac,0,REAL,LA_0092,train,ASVspoof2019_LA,ASVspoof2019.LA.cm.train.trn.txt
LA_T_6734109.flac,1,FAKE,LA_0079,train,ASVspoof2019_LA,ASVspoof2019.LA.cm.train.trn.txt
LA_T_1957538.flac,1,FAKE,LA_0087,train,ASVspoof2019_LA,ASVspoof2019.LA.cm.train.trn.txt
LA_T_2689576.flac,1,FAKE,LA_0084,train,ASVspoof2019_LA,ASVspoof2019.LA.cm.train.trn.txt
LA_T_5761826.flac,1,FAKE,LA_0084,train,ASVspoof2019_LA,ASVspoof2019.LA.cm.train.trn.txt
LA_T_4914706.flac,1,FAKE,LA_0087,train,ASVspoof2019_LA,ASVspoof2019.LA.cm.train.trn.txt
LA_T_6450026.flac,0,REAL,LA_0093,train,ASVspoof2019_LA,ASVspoof2019.LA.cm.train.trn.txt
LA_T_3579841.flac,0,REAL,LA_0095,train,ASVspoof2019_LA,ASVspoof2019.LA.cm.train.trn.txt
LA_T_7422329.flac,0,REAL,LA_0086,train,ASVspoof2019_LA,ASVspoof2019.LA.cm.train.trn.txt
LA_T_9491559.flac,1,FAKE,LA_0095,train,ASVspoof2019_LA,ASVspoof2019.LA.cm.train.trn.txt
LA_T_8813074.flac,1,FAKE,LA_0081,train,ASVspoof2019_LA,ASVspoof2019.LA.cm.train.trn.txt
LA_T_9358107.flac,0,REAL,LA_0081,train,ASVspoof2019_LA,ASVspoof2019.LA.cm.train.trn.txt
LA_T_1369550.flac,1,FAKE,LA_0091,train,ASVspoof2019_LA,ASVspoof2019.LA.cm.train.trn.txt
LA_T_5360887.flac,0,REAL,LA_0091,train,ASVspoof2019_LA,ASVspoof2019.LA.cm.train.trn.txt
LA_T_2923512.flac,1,FAKE,LA_0089,train,ASVspoof2019_LA,ASVspoof2019.LA.cm.train.trn.txt
LA_T_3499323.flac,0,REAL,LA_0087,train,ASVspoof2019_LA,ASVspoof2019.LA.cm.train.trn.txt
LA_T_7201521.flac,0,REAL,LA_0080,train,ASVspoof2019_LA,ASVspoof2019.LA.cm.train.trn.txt
LA_T_2338435.flac,1,FAKE,LA_0079,train,ASVspoof2019_LA,ASVspoof2019.LA.cm.train.trn.txt
LA_T_9274561.flac,1,FAKE,LA_0089,train,ASVspoof2019_LA,ASVspoof2019.LA.cm.train.trn.txt
LA_T_8758984.flac,0,REAL,LA_0090,train,ASVspoof2019_LA,ASVspoof2019.LA.cm.train.trn.txt
LA_T_1237547.flac,1,FAKE,LA_0091,train,ASVspoof2019_LA,ASVspoof2019.LA.cm.train.trn.txt
LA_T_3512350.flac,1,FAKE,LA_0083,train,ASVspoof2019_LA,ASVspoof2019.LA.cm.train.trn.txt
LA_T_9683231.flac,1,FAKE,LA_0081,train,ASVspoof2019_LA,ASVspoof2019.LA.cm.train.trn.txt
LA_T_8782772.flac,1,FAKE,LA_0084,train,ASVspoof2019_LA,ASVspoof2019.LA.cm.train.trn.txt
LA_T_8115679.flac,0,REAL,LA_0079,train,ASVspoof2019_LA,ASVspoof2019.LA.cm.train.trn.txt
LA_T_4386621.flac,1,FAKE,LA_0098,train,ASVspoof2019_LA,ASVspoof2019.LA.cm.train.trn.txt
LA_T_8276326.flac,1,FAKE,LA_0086,train,ASVspoof2019_LA,ASVspoof2019.LA.cm.train.trn.txt
LA_T_1873366.flac,0,REAL,LA_0083,train,ASVspoof2019_LA,ASVspoof2019.LA.cm.train.trn.txt
LA_T_2482961.flac,0,REAL,LA_0095,train,ASVspoof2019_LA,ASVspoof2019.LA.cm.train.trn.txt
LA_T_6072502.flac,0,REAL,LA_0093,train,ASVspoof2019_LA,ASVspoof2019.LA.cm.train.trn.txt
LA_T_2439075.flac,0,REAL,LA_0096,train,ASVspoof2019_LA,ASVspoof2019.LA.cm.train.trn.txt
LA_T_9276467.flac,0,REAL,LA_0091,train,ASVspoof2019_LA,ASVspoof2019.LA.cm.train.trn.txt
LA_T_7208401.flac,0,REAL,LA_0094,train,ASVspoof2019_LA,ASVspoof2019.LA.cm.train.trn.txt
LA_T_1305270.flac,0,REAL,LA_0097,train,ASVspoof2019_LA,ASVspoof2019.LA.cm.train.trn.txt
LA_T_6071599.flac,1,FAKE,LA_0091,train,ASVspoof2019_LA,ASVspoof2019.LA.cm.train.trn.txt
LA_T_1078988.flac,0,REAL,LA_0090,train,ASVspoof2019_LA,ASVspoof2019.LA.cm.train.trn.txt
LA_T_3042376.flac,1,FAKE,LA_0091,train,ASVspoof2019_LA,ASVspoof2019.LA.cm.train.trn.txt
LA_T_1584771.flac,1,FAKE,LA_0098,train,ASVspoof2019_LA,ASVspoof2019.LA.cm.train.trn.txt
LA_T_9831620.flac,1,FAKE,LA_0083,train,ASVspoof2019_LA,ASVspoof2019.LA.cm.train.trn.txt
LA_T_4529370.flac,0,REAL,LA_0089,train,ASVspoof2019_LA,ASVspoof2019.LA.cm.train.trn.txt
LA_T_6136391.flac,1,FAKE,LA_0092,train,ASVspoof2019_LA,ASVspoof2019.LA.cm.train.trn.txt
LA_T_9474664.flac,0,REAL,LA_0088,train,ASVspoof2019_LA,ASVspoof2019.LA.cm.train.trn.txt
LA_T_4880191.flac,1,FAKE,LA_0095,train,ASVspoof2019_LA,ASVspoof2019.LA.cm.train.trn.txt
LA_T_1820050.flac,0,REAL,LA_0091,train,ASVspoof2019_LA,ASVspoof2019.LA.cm.train.trn.txt
LA_T_8363461.flac,1,FAKE,LA_0090,train,ASVspoof2019_LA,ASVspoof2019.LA.cm.train.trn.txt
LA_T_1618831.flac,0,REAL,LA_0080,train,ASVspoof2019_LA,ASVspoof2019.LA.cm.train.trn.txt
LA_T_6104412.flac,1,FAKE,LA_0093,train,ASVspoof2019_LA,ASVspoof2019.LA.cm.train.trn.txt
LA_T_1763423.flac,0,REAL,LA_0097,train,ASVspoof2019_LA,ASVspoof2019.LA.cm.train.trn.txt
LA_T_9628936.flac,0,REAL,LA_0080,train,ASVspoof2019_LA,ASVspoof2019.LA.cm.train.trn.txt
LA_T_2059418.flac,1,FAKE,LA_0087,train,ASVspoof2019_LA,ASVspoof2019.LA.cm.train.trn.txt
LA_T_7839297.flac,0,REAL,LA_0096,train,ASVspoof2019_LA,ASVspoof2019.LA.cm.train.trn.txt
LA_T_7658708.flac,1,FAKE,LA_0081,train,ASVspoof2019_LA,ASVspoof2019.LA.cm.train.trn.txt
LA_T_4307188.flac,1,FAKE,LA_0085,train,ASVspoof2019_LA,ASVspoof2019.LA.cm.train.trn.txt
LA_T_5773803.flac,1,FAKE,LA_0087,train,ASVspoof2019_LA,ASVspoof2019.LA.cm.train.trn.txt
LA_T_6051675.flac,1,FAKE,LA_0086,train,ASVspoof2019_LA,ASVspoof2019.LA.cm.train.trn.txt
LA_T_2207082.flac,1,FAKE,LA_0082,train,ASVspoof2019_LA,ASVspoof2019.LA.cm.train.trn.txt
LA_T_5870285.flac,1,FAKE,LA_0080,train,ASVspoof2019_LA,ASVspoof2019.LA.cm.train.trn.txt
LA_T_8409710.flac,1,FAKE,LA_0087,train,ASVspoof2019_LA,ASVspoof2019.LA.cm.train.trn.txt
LA_T_3233814.flac,0,REAL,LA_0088,train,ASVspoof2019_LA,ASVspoof2019.LA.cm.train.trn.txt
LA_T_7503107.flac,1,FAKE,LA_0092,train,ASVspoof2019_LA,ASVspoof2019.LA.cm.train.trn.txt
LA_T_6181183.flac,0,REAL,LA_0088,train,ASVspoof2019_LA,ASVspoof2019.LA.cm.train.trn.txt
LA_T_3515602.flac,0,REAL,LA_0093,train,ASVspoof2019_LA,ASVspoof2019.LA.cm.train.trn.txt
LA_T_4631069.flac,0,REAL,LA_0098,train,ASVspoof2019_LA,ASVspoof2019.LA.cm.train.trn.txt
LA_T_3848963.flac,0,REAL,LA_0090,train,ASVspoof2019_LA,ASVspoof2019.LA.cm.train.trn.txt
LA_T_9457505.flac,0,REAL,LA_0091,train,ASVspoof2019_LA,ASVspoof2019.LA.cm.train.trn.txt
LA_T_6185775.flac,1,FAKE,LA_0097,train,ASVspoof2019_LA,ASVspoof2019.LA.cm.train.trn.txt
LA_T_6093520.flac,0,REAL,LA_0093,train,ASVspoof2019_LA,ASVspoof2019.LA.cm.train.trn.txt
LA_T_4003689.flac,0,REAL,LA_0095,train,ASVspoof2019_LA,ASVspoof2019.LA.cm.train.trn.txt
LA_T_1478655.flac,0,REAL,LA_0090,train,ASVspoof2019_LA,ASVspoof2019.LA.cm.train.trn.txt
LA_T_1321385.flac,0,REAL,LA_0087,train,ASVspoof2019_LA,ASVspoof2019.LA.cm.train.trn.txt
LA_T_2653747.flac,1,FAKE,LA_0089,train,ASVspoof2019_LA,ASVspoof2019.LA.cm.train.trn.txt
LA_T_8378801.flac,1,FAKE,LA_0081,train,ASVspoof2019_LA,ASVspoof2019.LA.cm.train.trn.txt
LA_T_1794966.flac,0,REAL,LA_0096,train,ASVspoof2019_LA,ASVspoof2019.LA.cm.train.trn.txt
LA_T_8618415.flac,1,FAKE,LA_0093,train,ASVspoof2019_LA,ASVspoof2019.LA.cm.train.trn.txt
LA_T_2774050.flac,0,REAL,LA_0092,train,ASVspoof2019_LA,ASVspoof2019.LA.cm.train.trn.txt
LA_T_6866613.flac,1,FAKE,LA_0097,train,ASVspoof2019_LA,ASVspoof2019.LA.cm.train.trn.txt
LA_T_2479838.flac,1,FAKE,LA_0096,train,ASVspoof2019_LA,ASVspoof2019.LA.cm.train.trn.txt
LA_T_4197596.flac,0,REAL,LA_0098,train,ASVspoof2019_LA,ASVspoof2019.LA.cm.train.trn.txt
LA_T_7746591.flac,0,REAL,LA_0083,train,ASVspoof2019_LA,ASVspoof2019.LA.cm.train.trn.txt
LA_T_8448770.flac,0,REAL,LA_0091,train,ASVspoof2019_LA,ASVspoof2019.LA.cm.train.trn.txt
LA_T_1576797.flac,1,FAKE,LA_0081,train,ASVspoof2019_LA,ASVspoof2019.LA.cm.train.trn.txt
LA_T_8498031.flac,1,FAKE,LA_0082,train,ASVspoof2019_LA,ASVspoof2019.LA.cm.train.trn.txt
LA_T_8059404.flac,1,FAKE,LA_0081,train,ASVspoof2019_LA,ASVspoof2019.LA.cm.train.trn.txt
LA_T_9160088.flac,1,FAKE,LA_0093,train,ASVspoof2019_LA,ASVspoof2019.LA.cm.train.trn.txt
LA_T_1067682.flac,1,FAKE,LA_0098,train,ASVspoof2019_LA,ASVspoof2019.LA.cm.train.trn.txt
LA_T_8841091.flac,0,REAL,LA_0090,train,ASVspoof2019_LA,ASVspoof2019.LA.cm.train.trn.txt
LA_T_4428776.flac,0,REAL,LA_0092,train,ASVspoof2019_LA,ASVspoof2019.LA.cm.train.trn.txt
LA_T_4428691.flac,0,REAL,LA_0079,train,ASVspoof2019_LA,ASVspoof2019.LA.cm.train.trn.txt
LA_T_1335486.flac,0,REAL,LA_0093,train,ASVspoof2019_LA,ASVspoof2019.LA.cm.train.trn.txt
LA_T_3963452.flac,0,REAL,LA_0085,train,ASVspoof2019_LA,ASVspoof2019.LA.cm.train.trn.txt
LA_T_7623077.flac,1,FAKE,LA_0097,train,ASVspoof2019_LA,ASVspoof2019.LA.cm.train.trn.txt
LA_T_9969620.flac,0,REAL,LA_0089,train,ASVspoof2019_LA,ASVspoof2019.LA.cm.train.trn.txt
LA_T_1611587.flac,0,REAL,LA_0086,train,ASVspoof2019_LA,ASVspoof2019.LA.cm.train.trn.txt
LA_T_3192467.flac,1,FAKE,LA_0087,train,ASVspoof2019_LA,ASVspoof2019.LA.cm.train.trn.txt
LA_T_1343294.flac,1,FAKE,LA_0081,train,ASVspoof2019_LA,ASVspoof2019.LA.cm.train.trn.txt
LA_T_6071492.flac,1,FAKE,LA_0091,train,ASVspoof2019_LA,ASVspoof2019.LA.cm.train.trn.txt
LA_T_4400210.flac,1,FAKE,LA_0086,train,ASVspoof2019_LA,ASVspoof2019.LA.cm.train.trn.txt
LA_T_7136815.flac,1,FAKE,LA_0085,train,ASVspoof2019_LA,ASVspoof2019.LA.cm.train.trn.txt
LA_T_9778924.flac,0,REAL,LA_0082,train,ASVspoof2019_LA,ASVspoof2019.LA.cm.train.trn.txt
LA_T_9354203.flac,1,FAKE,LA_0092,train,ASVspoof2019_LA,ASVspoof2019.LA.cm.train.trn.txt
LA_T_3555171.flac,0,REAL,LA_0080,train,ASVspoof2019_LA,ASVspoof2019.LA.cm.train.trn.txt
LA_T_7790851.flac,1,FAKE,LA_0088,train,ASVspoof2019_LA,ASVspoof2019.LA.cm.train.trn.txt
LA_T_5114581.flac,0,REAL,LA_0094,train,ASVspoof2019_LA,ASVspoof2019.LA.cm.train.trn.txt
LA_T_9553112.flac,0,REAL,LA_0095,train,ASVspoof2019_LA,ASVspoof2019.LA.cm.train.trn.txt
LA_T_4323668.flac,1,FAKE,LA_0087,train,ASVspoof2019_LA,ASVspoof2019.LA.cm.train.trn.txt
LA_T_3468422.flac,1,FAKE,LA_0081,train,ASVspoof2019_LA,ASVspoof2019.LA.cm.train.trn.txt
LA_T_5041786.flac,1,FAKE,LA_0093,train,ASVspoof2019_LA,ASVspoof2019.LA.cm.train.trn.txt
LA_T_3704574.flac,0,REAL,LA_0082,train,ASVspoof2019_LA,ASVspoof2019.LA.cm.train.trn.txt
LA_T_6493893.flac,1,FAKE,LA_0086,train,ASVspoof2019_LA,ASVspoof2019.LA.cm.train.trn.txt
LA_T_6769763.flac,0,REAL,LA_0081,train,ASVspoof2019_LA,ASVspoof2019.LA.cm.train.trn.txt
LA_T_9122144.flac,1,FAKE,LA_0090,train,ASVspoof2019_LA,ASVspoof2019.LA.cm.train.trn.txt
LA_T_6232825.flac,1,FAKE,LA_0094,train,ASVspoof2019_LA,ASVspoof2019.LA.cm.train.trn.txt
LA_T_9145540.flac,0,REAL,LA_0090,train,ASVspoof2019_LA,ASVspoof2019.LA.cm.train.trn.txt
LA_T_1181809.flac,1,FAKE,LA_0080,train,ASVspoof2019_LA,ASVspoof2019.LA.cm.train.trn.txt
LA_T_6034154.flac,1,FAKE,LA_0097,train,ASVspoof2019_LA,ASVspoof2019.LA.cm.train.trn.txt
LA_T_4891261.flac,0,REAL,LA_0093,train,ASVspoof2019_LA,ASVspoof2019.LA.cm.train.trn.txt
LA_T_9844188.flac,1,FAKE,LA_0082,train,ASVspoof2019_LA,ASVspoof2019.LA.cm.train.trn.txt
LA_T_8919107.flac,0,REAL,LA_0084,train,ASVspoof2019_LA,ASVspoof2019.LA.cm.train.trn.txt
LA_T_4291784.flac,1,FAKE,LA_0083,train,ASVspoof2019_LA,ASVspoof2019.LA.cm.train.trn.txt
LA_T_1477639.flac,0,REAL,LA_0086,train,ASVspoof2019_LA,ASVspoof2019.LA.cm.train.trn.txt
LA_T_3263112.flac,1,FAKE,LA_0082,train,ASVspoof2019_LA,ASVspoof2019.LA.cm.train.trn.txt
LA_T_9190352.flac,1,FAKE,LA_0089,train,ASVspoof2019_LA,ASVspoof2019.LA.cm.train.trn.txt
LA_T_4853062.flac,0,REAL,LA_0089,train,ASVspoof2019_LA,ASVspoof2019.LA.cm.train.trn.txt
LA_T_2040701.flac,1,FAKE,LA_0092,train,ASVspoof2019_LA,ASVspoof2019.LA.cm.train.trn.txt
LA_T_2226656.flac,0,REAL,LA_0083,train,ASVspoof2019_LA,ASVspoof2019.LA.cm.train.trn.txt
LA_T_3541347.flac,1,FAKE,LA_0082,train,ASVspoof2019_LA,ASVspoof2019.LA.cm.train.trn.txt
LA_T_5374473.flac,0,REAL,LA_0091,train,ASVspoof2019_LA,ASVspoof2019.LA.cm.train.trn.txt
LA_T_6015645.flac,0,REAL,LA_0087,train,ASVspoof2019_LA,ASVspoof2019.LA.cm.train.trn.txt
LA_T_9206457.flac,0,REAL,LA_0097,train,ASVspoof2019_LA,ASVspoof2019.LA.cm.train.trn.txt
LA_T_8052314.flac,1,FAKE,LA_0097,train,ASVspoof2019_LA,ASVspoof2019.LA.cm.train.trn.txt
LA_T_9513704.flac,0,REAL,LA_0086,train,ASVspoof2019_LA,ASVspoof2019.LA.cm.train.trn.txt
LA_T_9265598.flac,0,REAL,LA_0084,train,ASVspoof2019_LA,ASVspoof2019.LA.cm.train.trn.txt
LA_T_6650735.flac,0,REAL,LA_0081,train,ASVspoof2019_LA,ASVspoof2019.LA.cm.train.trn.txt
LA_T_9456128.flac,0,REAL,LA_0079,train,ASVspoof2019_LA,ASVspoof2019.LA.cm.train.trn.txt
LA_T_5209238.flac,1,FAKE,LA_0097,train,ASVspoof2019_LA,ASVspoof2019.LA.cm.train.trn.txt
LA_T_6069482.flac,1,FAKE,LA_0084,train,ASVspoof2019_LA,ASVspoof2019.LA.cm.train.trn.txt
LA_T_9595433.flac,0,REAL,LA_0090,train,ASVspoof2019_LA,ASVspoof2019.LA.cm.train.trn.txt
LA_T_8726287.flac,0,REAL,LA_0088,train,ASVspoof2019_LA,ASVspoof2019.LA.cm.train.trn.txt
LA_T_4827397.flac,0,REAL,LA_0096,train,ASVspoof2019_LA,ASVspoof2019.LA.cm.train.trn.txt
LA_T_8589988.flac,0,REAL,LA_0084,train,ASVspoof2019_LA,ASVspoof2019.LA.cm.train.trn.txt
LA_T_1363347.flac,0,REAL,LA_0095,train,ASVspoof2019_LA,ASVspoof2019.LA.cm.train.trn.txt
LA_T_3026744.flac,0,REAL,LA_0091,train,ASVspoof2019_LA,ASVspoof2019.LA.cm.train.trn.txt
LA_T_2127844.flac,0,REAL,LA_0088,train,ASVspoof2019_LA,ASVspoof2019.LA.cm.train.trn.txt
LA_T_1277914.flac,1,FAKE,LA_0082,train,ASVspoof2019_LA,ASVspoof2019.LA.cm.train.trn.txt
LA_T_7082730.flac,1,FAKE,LA_0096,train,ASVspoof2019_LA,ASVspoof2019.LA.cm.train.trn.txt
LA_T_7771973.flac,1,FAKE,LA_0088,train,ASVspoof2019_LA,ASVspoof2019.LA.cm.train.trn.txt
LA_T_5960681.flac,0,REAL,LA_0098,train,ASVspoof2019_LA,ASVspoof2019.LA.cm.train.trn.txt
LA_T_9949256.flac,0,REAL,LA_0094,train,ASVspoof2019_LA,ASVspoof2019.LA.cm.train.trn.txt
LA_T_6355446.flac,1,FAKE,LA_0080,train,ASVspoof2019_LA,ASVspoof2019.LA.cm.train.trn.txt
LA_T_4045576.flac,1,FAKE,LA_0097,train,ASVspoof2019_LA,ASVspoof2019.LA.cm.train.trn.txt
LA_T_2338896.flac,1,FAKE,LA_0090,train,ASVspoof2019_LA,ASVspoof2019.LA.cm.train.trn.txt
LA_T_9132181.flac,0,REAL,LA_0098,train,ASVspoof2019_LA,ASVspoof2019.LA.cm.train.trn.txt
LA_T_2483718.flac,1,FAKE,LA_0090,train,ASVspoof2019_LA,ASVspoof2019.LA.cm.train.trn.txt
LA_T_6065241.flac,0,REAL,LA_0092,train,ASVspoof2019_LA,ASVspoof2019.LA.cm.train.trn.txt
LA_T_7344886.flac,0,REAL,LA_0083,train,ASVspoof2019_LA,ASVspoof2019.LA.cm.train.trn.txt
LA_T_9478659.flac,0,REAL,LA_0080,train,ASVspoof2019_LA,ASVspoof2019.LA.cm.train.trn.txt
LA_T_2555028.flac,0,REAL,LA_0097,train,ASVspoof2019_LA,ASVspoof2019.LA.cm.train.trn.txt
LA_T_8664950.flac,1,FAKE,LA_0095,train,ASVspoof2019_LA,ASVspoof2019.LA.cm.train.trn.txt
LA_T_1188511.flac,1,FAKE,LA_0083,train,ASVspoof2019_LA,ASVspoof2019.LA.cm.train.trn.txt
LA_T_4387428.flac,0,REAL,LA_0097,train,ASVspoof2019_LA,ASVspoof2019.LA.cm.train.trn.txt
LA_T_8588493.flac,1,FAKE,LA_0085,train,ASVspoof2019_LA,ASVspoof2019.LA.cm.train.trn.txt
LA_T_7961517.flac,0,REAL,LA_0090,train,ASVspoof2019_LA,ASVspoof2019.LA.cm.train.trn.txt
LA_T_3465801.flac,0,REAL,LA_0080,train,ASVspoof2019_LA,ASVspoof2019.LA.cm.train.trn.txt
LA_T_6376473.flac,0,REAL,LA_0094,train,ASVspoof2019_LA,ASVspoof2019.LA.cm.train.trn.txt
LA_T_3323910.flac,1,FAKE,LA_0083,train,ASVspoof2019_LA,ASVspoof2019.LA.cm.train.trn.txt
LA_T_7779179.flac,0,REAL,LA_0086,train,ASVspoof2019_LA,ASVspoof2019.LA.cm.train.trn.txt
LA_T_3287677.flac,1,FAKE,LA_0083,train,ASVspoof2019_LA,ASVspoof2019.LA.cm.train.trn.txt
LA_T_8847275.flac,0,REAL,LA_0094,train,ASVspoof2019_LA,ASVspoof2019.LA.cm.train.trn.txt
LA_T_5322386.flac,0,REAL,LA_0097,train,ASVspoof2019_LA,ASVspoof2019.LA.cm.train.trn.txt
LA_T_2237022.flac,1,FAKE,LA_0098,train,ASVspoof2019_LA,ASVspoof2019.LA.cm.train.trn.txt
LA_T_7214355.flac,0,REAL,LA_0090,train,ASVspoof2019_LA,ASVspoof2019.LA.cm.train.trn.txt
LA_T_7069503.flac,1,FAKE,LA_0087,train,ASVspoof2019_LA,ASVspoof2019.LA.cm.train.trn.txt
LA_T_5333693.flac,1,FAKE,LA_0097,train,ASVspoof2019_LA,ASVspoof2019.LA.cm.train.trn.txt
LA_T_1672733.flac,1,FAKE,LA_0091,train,ASVspoof2019_LA,ASVspoof2019.LA.cm.train.trn.txt
LA_T_4484196.flac,0,REAL,LA_0090,train,ASVspoof2019_LA,ASVspoof2019.LA.cm.train.trn.txt
LA_T_4991041.flac,0,REAL,LA_0082,train,ASVspoof2019_LA,ASVspoof2019.LA.cm.train.trn.txt
LA_T_4197307.flac,0,REAL,LA_0079,train,ASVspoof2019_LA,ASVspoof2019.LA.cm.train.trn.txt
LA_T_4662054.flac,1,FAKE,LA_0092,train,ASVspoof2019_LA,ASVspoof2019.LA.cm.train.trn.txt
LA_T_2351250.flac,0,REAL,LA_0098,train,ASVspoof2019_LA,ASVspoof2019.LA.cm.train.trn.txt
LA_T_8209686.flac,0,REAL,LA_0085,train,ASVspoof2019_LA,ASVspoof2019.LA.cm.train.trn.txt
LA_T_8219979.flac,0,REAL,LA_0082,train,ASVspoof2019_LA,ASVspoof2019.LA.cm.train.trn.txt
LA_T_9962272.flac,1,FAKE,LA_0088,train,ASVspoof2019_LA,ASVspoof2019.LA.cm.train.trn.txt
LA_T_4134344.flac,1,FAKE,LA_0087,train,ASVspoof2019_LA,ASVspoof2019.LA.cm.train.trn.txt
LA_T_3042528.flac,1,FAKE,LA_0097,train,ASVspoof2019_LA,ASVspoof2019.LA.cm.train.trn.txt
LA_T_2021613.flac,1,FAKE,LA_0088,train,ASVspoof2019_LA,ASVspoof2019.LA.cm.train.trn.txt
LA_T_6324553.flac,0,REAL,LA_0079,train,ASVspoof2019_LA,ASVspoof2019.LA.cm.train.trn.txt
LA_T_5918833.flac,0,REAL,LA_0083,train,ASVspoof2019_LA,ASVspoof2019.LA.cm.train.trn.txt
LA_T_8665775.flac,0,REAL,LA_0085,train,ASVspoof2019_LA,ASVspoof2019.LA.cm.train.trn.txt
LA_T_3908268.flac,1,FAKE,LA_0082,train,ASVspoof2019_LA,ASVspoof2019.LA.cm.train.trn.txt
LA_T_4451463.flac,0,REAL,LA_0082,train,ASVspoof2019_LA,ASVspoof2019.LA.cm.train.trn.txt
LA_T_2502033.flac,0,REAL,LA_0092,train,ASVspoof2019_LA,ASVspoof2019.LA.cm.train.trn.txt
LA_T_6627080.flac,0,REAL,LA_0089,train,ASVspoof2019_LA,ASVspoof2019.LA.cm.train.trn.txt
LA_T_4847789.flac,1,FAKE,LA_0089,train,ASVspoof2019_LA,ASVspoof2019.LA.cm.train.trn.txt
LA_T_4890539.flac,0,REAL,LA_0083,train,ASVspoof2019_LA,ASVspoof2019.LA.cm.train.trn.txt
LA_T_8038233.flac,0,REAL,LA_0082,train,ASVspoof2019_LA,ASVspoof2019.LA.cm.train.trn.txt
LA_T_7500588.flac,0,REAL,LA_0092,train,ASVspoof2019_LA,ASVspoof2019.LA.cm.train.trn.txt
LA_T_9279859.flac,1,FAKE,LA_0092,train,ASVspoof2019_LA,ASVspoof2019.LA.cm.train.trn.txt
LA_T_8290003.flac,1,FAKE,LA_0090,train,ASVspoof2019_LA,ASVspoof2019.LA.cm.train.trn.txt
LA_T_2424483.flac,0,REAL,LA_0091,train,ASVspoof2019_LA,ASVspoof2019.LA.cm.train.trn.txt
LA_T_8055426.flac,1,FAKE,LA_0090,train,ASVspoof2019_LA,ASVspoof2019.LA.cm.train.trn.txt
LA_T_5571723.flac,1,FAKE,LA_0079,train,ASVspoof2019_LA,ASVspoof2019.LA.cm.train.trn.txt
LA_T_7389695.flac,1,FAKE,LA_0079,train,ASVspoof2019_LA,ASVspoof2019.LA.cm.train.trn.txt
LA_T_2789947.flac,1,FAKE,LA_0097,train,ASVspoof2019_LA,ASVspoof2019.LA.cm.train.trn.txt
LA_T_7249621.flac,1,FAKE,LA_0080,train,ASVspoof2019_LA,ASVspoof2019.LA.cm.train.trn.txt
LA_T_3674915.flac,1,FAKE,LA_0097,train,ASVspoof2019_LA,ASVspoof2019.LA.cm.train.trn.txt
LA_T_6278327.flac,1,FAKE,LA_0084,train,ASVspoof2019_LA,ASVspoof2019.LA.cm.train.trn.txt
LA_T_1897788.flac,0,REAL,LA_0083,train,ASVspoof2019_LA,ASVspoof2019.LA.cm.train.trn.txt
LA_T_1807180.flac,0,REAL,LA_0095,train,ASVspoof2019_LA,ASVspoof2019.LA.cm.train.trn.txt
LA_T_9608821.flac,0,REAL,LA_0093,train,ASVspoof2019_LA,ASVspoof2019.LA.cm.train.trn.txt
LA_T_1955947.flac,0,REAL,LA_0093,train,ASVspoof2019_LA,ASVspoof2019.LA.cm.train.trn.txt
LA_T_2537113.flac,1,FAKE,LA_0094,train,ASVspoof2019_LA,ASVspoof2019.LA.cm.train.trn.txt
LA_T_8363647.flac,0,REAL,LA_0080,train,ASVspoof2019_LA,ASVspoof2019.LA.cm.train.trn.txt
LA_T_3470152.flac,0,REAL,LA_0093,train,ASVspoof2019_LA,ASVspoof2019.LA.cm.train.trn.txt
LA_T_9779411.flac,0,REAL,LA_0087,train,ASVspoof2019_LA,ASVspoof2019.LA.cm.train.trn.txt
LA_T_7786868.flac,0,REAL,LA_0084,train,ASVspoof2019_LA,ASVspoof2019.LA.cm.train.trn.txt
LA_T_9858769.flac,1,FAKE,LA_0086,train,ASVspoof2019_LA,ASVspoof2019.LA.cm.train.trn.txt
LA_T_8337036.flac,1,FAKE,LA_0081,train,ASVspoof2019_LA,ASVspoof2019.LA.cm.train.trn.txt
LA_T_5454842.flac,1,FAKE,LA_0083,train,ASVspoof2019_LA,ASVspoof2019.LA.cm.train.trn.txt
LA_T_6904517.flac,0,REAL,LA_0098,train,ASVspoof2019_LA,ASVspoof2019.LA.cm.train.trn.txt
LA_T_9854823.flac,0,REAL,LA_0097,train,ASVspoof2019_LA,ASVspoof2019.LA.cm.train.trn.txt
LA_T_4597853.flac,1,FAKE,LA_0096,train,ASVspoof2019_LA,ASVspoof2019.LA.cm.train.trn.txt
LA_T_8178089.flac,0,REAL,LA_0085,train,ASVspoof2019_LA,ASVspoof2019.LA.cm.train.trn.txt
LA_T_8335714.flac,1,FAKE,LA_0096,train,ASVspoof2019_LA,ASVspoof2019.LA.cm.train.trn.txt
LA_T_8084852.flac,0,REAL,LA_0092,train,ASVspoof2019_LA,ASVspoof2019.LA.cm.train.trn.txt
LA_T_9324698.flac,1,FAKE,LA_0080,train,ASVspoof2019_LA,ASVspoof2019.LA.cm.train.trn.txt
LA_T_7047656.flac,1,FAKE,LA_0090,train,ASVspoof2019_LA,ASVspoof2019.LA.cm.train.trn.txt
LA_T_3891170.flac,0,REAL,LA_0085,train,ASVspoof2019_LA,ASVspoof2019.LA.cm.train.trn.txt
LA_T_2269650.flac,0,REAL,LA_0094,train,ASVspoof2019_LA,ASVspoof2019.LA.cm.train.trn.txt
LA_T_3241481.flac,1,FAKE,LA_0097,train,ASVspoof2019_LA,ASVspoof2019.LA.cm.train.trn.txt
LA_T_2942946.flac,1,FAKE,LA_0092,train,ASVspoof2019_LA,ASVspoof2019.LA.cm.train.trn.txt
LA_T_4761800.flac,1,FAKE,LA_0091,train,ASVspoof2019_LA,ASVspoof2019.LA.cm.train.trn.txt
LA_T_2457545.flac,1,FAKE,LA_0092,train,ASVspoof2019_LA,ASVspoof2019.LA.cm.train.trn.txt
LA_T_9234278.flac,0,REAL,LA_0088,train,ASVspoof2019_LA,ASVspoof2019.LA.cm.train.trn.txt
LA_T_3659915.flac,0,REAL,LA_0082,train,ASVspoof2019_LA,ASVspoof2019.LA.cm.train.trn.txt
LA_T_7965624.flac,0,REAL,LA_0085,train,ASVspoof2019_LA,ASVspoof2019.LA.cm.train.trn.txt
LA_T_3395385.flac,0,REAL,LA_0096,train,ASVspoof2019_LA,ASVspoof2019.LA.cm.train.trn.txt
LA_T_1186717.flac,0,REAL,LA_0086,train,ASVspoof2019_LA,ASVspoof2019.LA.cm.train.trn.txt
LA_T_9527200.flac,0,REAL,LA_0095,train,ASVspoof2019_LA,ASVspoof2019.LA.cm.train.trn.txt
LA_T_8093073.flac,1,FAKE,LA_0080,train,ASVspoof2019_LA,ASVspoof2019.LA.cm.train.trn.txt
LA_T_7675303.flac,1,FAKE,LA_0095,train,ASVspoof2019_LA,ASVspoof2019.LA.cm.train.trn.txt
LA_T_1923872.flac,0,REAL,LA_0082,train,ASVspoof2019_LA,ASVspoof2019.LA.cm.train.trn.txt
LA_T_3419326.flac,1,FAKE,LA_0096,train,ASVspoof2019_LA,ASVspoof2019.LA.cm.train.trn.txt
LA_T_6686104.flac,0,REAL,LA_0087,train,ASVspoof2019_LA,ASVspoof2019.LA.cm.train.trn.txt
LA_T_8849210.flac,0,REAL,LA_0095,train,ASVspoof2019_LA,ASVspoof2019.LA.cm.train.trn.txt
LA_T_1645264.flac,1,FAKE,LA_0094,train,ASVspoof2019_LA,ASVspoof2019.LA.cm.train.trn.txt
LA_T_7826829.flac,0,REAL,LA_0085,train,ASVspoof2019_LA,ASVspoof2019.LA.cm.train.trn.txt
LA_T_7374710.flac,0,REAL,LA_0085,train,ASVspoof2019_LA,ASVspoof2019.LA.cm.train.trn.txt
LA_T_1979527.flac,0,REAL,LA_0086,train,ASVspoof2019_LA,ASVspoof2019.LA.cm.train.trn.txt
LA_T_5712226.flac,0,REAL,LA_0095,train,ASVspoof2019_LA,ASVspoof2019.LA.cm.train.trn.txt
LA_T_1874118.flac,0,REAL,LA_0091,train,ASVspoof2019_LA,ASVspoof2019.LA.cm.train.trn.txt
LA_T_1678844.flac,0,REAL,LA_0083,train,ASVspoof2019_LA,ASVspoof2019.LA.cm.train.trn.txt
LA_T_1325649.flac,0,REAL,LA_0089,train,ASVspoof2019_LA,ASVspoof2019.LA.cm.train.trn.txt
LA_T_3486820.flac,0,REAL,LA_0096,train,ASVspoof2019_LA,ASVspoof2019.LA.cm.train.trn.txt
LA_T_8856200.flac,1,FAKE,LA_0090,train,ASVspoof2019_LA,ASVspoof2019.LA.cm.train.trn.txt
LA_T_8275432.flac,0,REAL,LA_0088,train,ASVspoof2019_LA,ASVspoof2019.LA.cm.train.trn.txt
LA_T_8705208.flac,0,REAL,LA_0082,train,ASVspoof2019_LA,ASVspoof2019.LA.cm.train.trn.txt
LA_T_3725307.flac,0,REAL,LA_0084,train,ASVspoof2019_LA,ASVspoof2019.LA.cm.train.trn.txt
LA_T_5326363.flac,0,REAL,LA_0091,train,ASVspoof2019_LA,ASVspoof2019.LA.cm.train.trn.txt
LA_T_6949005.flac,1,FAKE,LA_0092,train,ASVspoof2019_LA,ASVspoof2019.LA.cm.train.trn.txt
LA_T_8707487.flac,0,REAL,LA_0097,train,ASVspoof2019_LA,ASVspoof2019.LA.cm.train.trn.txt
LA_T_8156237.flac,0,REAL,LA_0083,train,ASVspoof2019_LA,ASVspoof2019.LA.cm.train.trn.txt
LA_T_1171310.flac,1,FAKE,LA_0091,train,ASVspoof2019_LA,ASVspoof2019.LA.cm.train.trn.txt
LA_T_4077869.flac,0,REAL,LA_0080,train,ASVspoof2019_LA,ASVspoof2019.LA.cm.train.trn.txt
LA_T_5663432.flac,1,FAKE,LA_0088,train,ASVspoof2019_LA,ASVspoof2019.LA.cm.train.trn.txt
LA_T_4711197.flac,0,REAL,LA_0085,train,ASVspoof2019_LA,ASVspoof2019.LA.cm.train.trn.txt
LA_T_6965985.flac,0,REAL,LA_0097,train,ASVspoof2019_LA,ASVspoof2019.LA.cm.train.trn.txt
LA_T_3517700.flac,0,REAL,LA_0098,train,ASVspoof2019_LA,ASVspoof2019.LA.cm.train.trn.txt
LA_T_2602343.flac,1,FAKE,LA_0089,train,ASVspoof2019_LA,ASVspoof2019.LA.cm.train.trn.txt
LA_T_2079451.flac,0,REAL,LA_0097,train,ASVspoof2019_LA,ASVspoof2019.LA.cm.train.trn.txt
LA_T_1410416.flac,0,REAL,LA_0087,train,ASVspoof2019_LA,ASVspoof2019.LA.cm.train.trn.txt
LA_T_3002359.flac,1,FAKE,LA_0086,train,ASVspoof2019_LA,ASVspoof2019.LA.cm.train.trn.txt
LA_T_2850612.flac,1,FAKE,LA_0091,train,ASVspoof2019_LA,ASVspoof2019.LA.cm.train.trn.txt
LA_T_2978013.flac,0,REAL,LA_0093,train,ASVspoof2019_LA,ASVspoof2019.LA.cm.train.trn.txt
LA_T_3545264.flac,0,REAL,LA_0094,train,ASVspoof2019_LA,ASVspoof2019.LA.cm.train.trn.txt
LA_T_2629834.flac,1,FAKE,LA_0096,train,ASVspoof2019_LA,ASVspoof2019.LA.cm.train.trn.txt
LA_T_5192765.flac,0,REAL,LA_0081,train,ASVspoof2019_LA,ASVspoof2019.LA.cm.train.trn.txt
LA_T_6742582.flac,0,REAL,LA_0087,train,ASVspoof2019_LA,ASVspoof2019.LA.cm.train.trn.txt
LA_T_4654293.flac,1,FAKE,LA_0094,train,ASVspoof2019_LA,ASVspoof2019.LA.cm.train.trn.txt
LA_T_7196016.flac,1,FAKE,LA_0095,train,ASVspoof2019_LA,ASVspoof2019.LA.cm.train.trn.txt
LA_T_3264459.flac,0,REAL,LA_0086,train,ASVspoof2019_LA,ASVspoof2019.LA.cm.train.trn.txt
LA_T_1628509.flac,1,FAKE,LA_0096,train,ASVspoof2019_LA,ASVspoof2019.LA.cm.train.trn.txt
LA_T_2299166.flac,1,FAKE,LA_0080,train,ASVspoof2019_LA,ASVspoof2019.LA.cm.train.trn.txt
LA_T_9958393.flac,0,REAL,LA_0093,train,ASVspoof2019_LA,ASVspoof2019.LA.cm.train.trn.txt
LA_T_7974459.flac,0,REAL,LA_0083,train,ASVspoof2019_LA,ASVspoof2019.LA.cm.train.trn.txt
LA_T_1129547.flac,1,FAKE,LA_0091,train,ASVspoof2019_LA,ASVspoof2019.LA.cm.train.trn.txt
LA_T_6594586.flac,0,REAL,LA_0089,train,ASVspoof2019_LA,ASVspoof2019.LA.cm.train.trn.txt
LA_T_6904969.flac,1,FAKE,LA_0082,train,ASVspoof2019_LA,ASVspoof2019.LA.cm.train.trn.txt
LA_T_7514330.flac,0,REAL,LA_0087,train,ASVspoof2019_LA,ASVspoof2019.LA.cm.train.trn.txt
LA_T_8944180.flac,0,REAL,LA_0096,train,ASVspoof2019_LA,ASVspoof2019.LA.cm.train.trn.txt
LA_T_9483901.flac,0,REAL,LA_0090,train,ASVspoof2019_LA,ASVspoof2019.LA.cm.train.trn.txt
LA_T_8136658.flac,1,FAKE,LA_0091,train,ASVspoof2019_LA,ASVspoof2019.LA.cm.train.trn.txt
LA_T_3665042.flac,1,FAKE,LA_0096,train,ASVspoof2019_LA,ASVspoof2019.LA.cm.train.trn.txt
LA_T_9863654.flac,0,REAL,LA_0087,train,ASVspoof2019_LA,ASVspoof2019.LA.cm.train.trn.txt
LA_T_4948515.flac,0,REAL,LA_0093,train,ASVspoof2019_LA,ASVspoof2019.LA.cm.train.trn.txt
LA_T_8345097.flac,1,FAKE,LA_0087,train,ASVspoof2019_LA,ASVspoof2019.LA.cm.train.trn.txt
LA_T_6030668.flac,1,FAKE,LA_0097,train,ASVspoof2019_LA,ASVspoof2019.LA.cm.train.trn.txt
LA_T_4973732.flac,1,FAKE,LA_0081,train,ASVspoof2019_LA,ASVspoof2019.LA.cm.train.trn.txt
LA_T_6828664.flac,1,FAKE,LA_0089,train,ASVspoof2019_LA,ASVspoof2019.LA.cm.train.trn.txt
LA_T_5397050.flac,1,FAKE,LA_0091,train,ASVspoof2019_LA,ASVspoof2019.LA.cm.train.trn.txt
LA_T_1670486.flac,0,REAL,LA_0081,train,ASVspoof2019_LA,ASVspoof2019.LA.cm.train.trn.txt
LA_T_5799348.flac,0,REAL,LA_0090,train,ASVspoof2019_LA,ASVspoof2019.LA.cm.train.trn.txt
LA_T_5820593.flac,1,FAKE,LA_0096,train,ASVspoof2019_LA,ASVspoof2019.LA.cm.train.trn.txt
LA_T_2191824.flac,1,FAKE,LA_0085,train,ASVspoof2019_LA,ASVspoof2019.LA.cm.train.trn.txt
LA_T_5611591.flac,1,FAKE,LA_0089,train,ASVspoof2019_LA,ASVspoof2019.LA.cm.train.trn.txt
LA_T_7733347.flac,1,FAKE,LA_0094,train,ASVspoof2019_LA,ASVspoof2019.LA.cm.train.trn.txt
LA_T_1459702.flac,0,REAL,LA_0081,train,ASVspoof2019_LA,ASVspoof2019.LA.cm.train.trn.txt
LA_T_5610461.flac,1,FAKE,LA_0082,train,ASVspoof2019_LA,ASVspoof2019.LA.cm.train.trn.txt
LA_T_6770833.flac,1,FAKE,LA_0088,train,ASVspoof2019_LA,ASVspoof2019.LA.cm.train.trn.txt
LA_T_6556647.flac,1,FAKE,LA_0080,train,ASVspoof2019_LA,ASVspoof2019.LA.cm.train.trn.txt
LA_T_7149832.flac,1,FAKE,LA_0092,train,ASVspoof2019_LA,ASVspoof2019.LA.cm.train.trn.txt
LA_T_7412444.flac,1,FAKE,LA_0084,train,ASVspoof2019_LA,ASVspoof2019.LA.cm.train.trn.txt
LA_T_3342439.flac,0,REAL,LA_0081,train,ASVspoof2019_LA,ASVspoof2019.LA.cm.train.trn.txt
LA_T_9074017.flac,0,REAL,LA_0096,train,ASVspoof2019_LA,ASVspoof2019.LA.cm.train.trn.txt
LA_T_3437551.flac,1,FAKE,LA_0095,train,ASVspoof2019_LA,ASVspoof2019.LA.cm.train.trn.txt
LA_T_3340235.flac,0,REAL,LA_0092,train,ASVspoof2019_LA,ASVspoof2019.LA.cm.train.trn.txt
LA_T_4991778.flac,1,FAKE,LA_0085,train,ASVspoof2019_LA,ASVspoof2019.LA.cm.train.trn.txt
LA_T_5891808.flac,0,REAL,LA_0085,train,ASVspoof2019_LA,ASVspoof2019.LA.cm.train.trn.txt
LA_T_9120168.flac,0,REAL,LA_0080,train,ASVspoof2019_LA,ASVspoof2019.LA.cm.train.trn.txt
LA_T_1636151.flac,0,REAL,LA_0092,train,ASVspoof2019_LA,ASVspoof2019.LA.cm.train.trn.txt
LA_T_1991708.flac,0,REAL,LA_0093,train,ASVspoof2019_LA,ASVspoof2019.LA.cm.train.trn.txt
LA_T_2618857.flac,1,FAKE,LA_0093,train,ASVspoof2019_LA,ASVspoof2019.LA.cm.train.trn.txt
LA_T_1691949.flac,0,REAL,LA_0089,train,ASVspoof2019_LA,ASVspoof2019.LA.cm.train.trn.txt
LA_T_4543133.flac,0,REAL,LA_0083,train,ASVspoof2019_LA,ASVspoof2019.LA.cm.train.trn.txt
LA_T_9190599.flac,0,REAL,LA_0085,train,ASVspoof2019_LA,ASVspoof2019.LA.cm.train.trn.txt
LA_T_1820456.flac,0,REAL,LA_0080,train,ASVspoof2019_LA,ASVspoof2019.LA.cm.train.trn.txt
LA_T_4712212.flac,0,REAL,LA_0092,train,ASVspoof2019_LA,ASVspoof2019.LA.cm.train.trn.txt
LA_T_2144764.flac,0,REAL,LA_0098,train,ASVspoof2019_LA,ASVspoof2019.LA.cm.train.trn.txt
LA_T_6636159.flac,0,REAL,LA_0092,train,ASVspoof2019_LA,ASVspoof2019.LA.cm.train.trn.txt
LA_T_1243533.flac,0,REAL,LA_0098,train,ASVspoof2019_LA,ASVspoof2019.LA.cm.train.trn.txt
LA_T_2465871.flac,0,REAL,LA_0087,train,ASVspoof2019_LA,ASVspoof2019.LA.cm.train.trn.txt
LA_T_1502748.flac,1,FAKE,LA_0091,train,ASVspoof2019_LA,ASVspoof2019.LA.cm.train.trn.txt
LA_T_2233012.flac,1,FAKE,LA_0086,train,ASVspoof2019_LA,ASVspoof2019.LA.cm.train.trn.txt
LA_T_7737217.flac,0,REAL,LA_0089,train,ASVspoof2019_LA,ASVspoof2019.LA.cm.train.trn.txt
LA_T_8186635.flac,1,FAKE,LA_0081,train,ASVspoof2019_LA,ASVspoof2019.LA.cm.train.trn.txt
LA_T_7417506.flac,1,FAKE,LA_0087,train,ASVspoof2019_LA,ASVspoof2019.LA.cm.train.trn.txt
LA_T_9585536.flac,1,FAKE,LA_0089,train,ASVspoof2019_LA,ASVspoof2019.LA.cm.train.trn.txt
LA_T_4754759.flac,1,FAKE,LA_0097,train,ASVspoof2019_LA,ASVspoof2019.LA.cm.train.trn.txt
LA_T_9492498.flac,1,FAKE,LA_0093,train,ASVspoof2019_LA,ASVspoof2019.LA.cm.train.trn.txt
LA_T_8897417.flac,1,FAKE,LA_0087,train,ASVspoof2019_LA,ASVspoof2019.LA.cm.train.trn.txt
LA_T_3508808.flac,0,REAL,LA_0090,train,ASVspoof2019_LA,ASVspoof2019.LA.cm.train.trn.txt
LA_T_7271776.flac,1,FAKE,LA_0091,train,ASVspoof2019_LA,ASVspoof2019.LA.cm.train.trn.txt
LA_T_5753625.flac,1,FAKE,LA_0094,train,ASVspoof2019_LA,ASVspoof2019.LA.cm.train.trn.txt
LA_T_9529562.flac,1,FAKE,LA_0082,train,ASVspoof2019_LA,ASVspoof2019.LA.cm.train.trn.txt
LA_T_7468189.flac,1,FAKE,LA_0086,train,ASVspoof2019_LA,ASVspoof2019.LA.cm.train.trn.txt
LA_T_2092466.flac,0,REAL,LA_0090,train,ASVspoof2019_LA,ASVspoof2019.LA.cm.train.trn.txt
LA_T_5100132.flac,0,REAL,LA_0080,train,ASVspoof2019_LA,ASVspoof2019.LA.cm.train.trn.txt
LA_T_6298599.flac,0,REAL,LA_0096,train,ASVspoof2019_LA,ASVspoof2019.LA.cm.train.trn.txt
LA_T_4769657.flac,1,FAKE,LA_0097,train,ASVspoof2019_LA,ASVspoof2019.LA.cm.train.trn.txt
LA_T_7763777.flac,1,FAKE,LA_0083,train,ASVspoof2019_LA,ASVspoof2019.LA.cm.train.trn.txt
LA_T_2179758.flac,1,FAKE,LA_0082,train,ASVspoof2019_LA,ASVspoof2019.LA.cm.train.trn.txt
LA_T_7839314.flac,0,REAL,LA_0084,train,ASVspoof2019_LA,ASVspoof2019.LA.cm.train.trn.txt
LA_T_5702907.flac,0,REAL,LA_0089,train,ASVspoof2019_LA,ASVspoof2019.LA.cm.train.trn.txt
LA_T_1831818.flac,0,REAL,LA_0084,train,ASVspoof2019_LA,ASVspoof2019.LA.cm.train.trn.txt
LA_T_9032022.flac,0,REAL,LA_0085,train,ASVspoof2019_LA,ASVspoof2019.LA.cm.train.trn.txt
LA_T_9347890.flac,1,FAKE,LA_0083,train,ASVspoof2019_LA,ASVspoof2019.LA.cm.train.trn.txt
LA_T_9231357.flac,1,FAKE,LA_0095,train,ASVspoof2019_LA,ASVspoof2019.LA.cm.train.trn.txt
LA_T_7351960.flac,0,REAL,LA_0081,train,ASVspoof2019_LA,ASVspoof2019.LA.cm.train.trn.txt
LA_T_6271185.flac,0,REAL,LA_0088,train,ASVspoof2019_LA,ASVspoof2019.LA.cm.train.trn.txt
LA_T_6059767.flac,0,REAL,LA_0092,train,ASVspoof2019_LA,ASVspoof2019.LA.cm.train.trn.txt
LA_T_7846284.flac,0,REAL,LA_0096,train,ASVspoof2019_LA,ASVspoof2019.LA.cm.train.trn.txt
LA_T_1544826.flac,1,FAKE,LA_0095,train,ASVspoof2019_LA,ASVspoof2019.LA.cm.train.trn.txt
LA_T_3220828.flac,0,REAL,LA_0087,train,ASVspoof2019_LA,ASVspoof2019.LA.cm.train.trn.txt
LA_T_6995687.flac,0,REAL,LA_0083,train,ASVspoof2019_LA,ASVspoof2019.LA.cm.train.trn.txt
LA_T_3849267.flac,0,REAL,LA_0079,train,ASVspoof2019_LA,ASVspoof2019.LA.cm.train.trn.txt
LA_T_1932998.flac,1,FAKE,LA_0096,train,ASVspoof2019_LA,ASVspoof2019.LA.cm.train.trn.txt
LA_T_5683238.flac,0,REAL,LA_0088,train,ASVspoof2019_LA,ASVspoof2019.LA.cm.train.trn.txt
LA_T_3683196.flac,0,REAL,LA_0087,train,ASVspoof2019_LA,ASVspoof2019.LA.cm.train.trn.txt
LA_T_8993012.flac,1,FAKE,LA_0084,train,ASVspoof2019_LA,ASVspoof2019.LA.cm.train.trn.txt
LA_T_6099899.flac,1,FAKE,LA_0095,train,ASVspoof2019_LA,ASVspoof2019.LA.cm.train.trn.txt
LA_T_6884022.flac,1,FAKE,LA_0095,train,ASVspoof2019_LA,ASVspoof2019.LA.cm.train.trn.txt
LA_T_1054206.flac,1,FAKE,LA_0092,train,ASVspoof2019_LA,ASVspoof2019.LA.cm.train.trn.txt
LA_T_9683366.flac,1,FAKE,LA_0080,train,ASVspoof2019_LA,ASVspoof2019.LA.cm.train.trn.txt
LA_T_4608788.flac,1,FAKE,LA_0095,train,ASVspoof2019_LA,ASVspoof2019.LA.cm.train.trn.txt
LA_T_8490726.flac,0,REAL,LA_0091,train,ASVspoof2019_LA,ASVspoof2019.LA.cm.train.trn.txt
LA_T_3324661.flac,0,REAL,LA_0087,train,ASVspoof2019_LA,ASVspoof2019.LA.cm.train.trn.txt
LA_T_1007663.flac,0,REAL,LA_0090,train,ASVspoof2019_LA,ASVspoof2019.LA.cm.train.trn.txt
LA_T_9639913.flac,1,FAKE,LA_0083,train,ASVspoof2019_LA,ASVspoof2019.LA.cm.train.trn.txt
LA_T_3485288.flac,0,REAL,LA_0092,train,ASVspoof2019_LA,ASVspoof2019.LA.cm.train.trn.txt
LA_T_4105004.flac,0,REAL,LA_0080,train,ASVspoof2019_LA,ASVspoof2019.LA.cm.train.trn.txt
LA_T_6499936.flac,0,REAL,LA_0085,train,ASVspoof2019_LA,ASVspoof2019.LA.cm.train.trn.txt
LA_T_4898635.flac,0,REAL,LA_0087,train,ASVspoof2019_LA,ASVspoof2019.LA.cm.train.trn.txt
LA_T_1395369.flac,0,REAL,LA_0094,train,ASVspoof2019_LA,ASVspoof2019.LA.cm.train.trn.txt
LA_T_1308578.flac,1,FAKE,LA_0086,train,ASVspoof2019_LA,ASVspoof2019.LA.cm.train.trn.txt
LA_T_6174387.flac,1,FAKE,LA_0096,train,ASVspoof2019_LA,ASVspoof2019.LA.cm.train.trn.txt
LA_T_1620975.flac,1,FAKE,LA_0088,train,ASVspoof2019_LA,ASVspoof2019.LA.cm.train.trn.txt
LA_T_2066209.flac,0,REAL,LA_0098,train,ASVspoof2019_LA,ASVspoof2019.LA.cm.train.trn.txt
LA_T_5785306.flac,0,REAL,LA_0079,train,ASVspoof2019_LA,ASVspoof2019.LA.cm.train.trn.txt
LA_T_9536026.flac,0,REAL,LA_0097,train,ASVspoof2019_LA,ASVspoof2019.LA.cm.train.trn.txt
LA_T_8970804.flac,0,REAL,LA_0082,train,ASVspoof2019_LA,ASVspoof2019.LA.cm.train.trn.txt
LA_T_3447201.flac,0,REAL,LA_0089,train,ASVspoof2019_LA,ASVspoof2019.LA.cm.train.trn.txt
LA_T_5872666.flac,1,FAKE,LA_0096,train,ASVspoof2019_LA,ASVspoof2019.LA.cm.train.trn.txt
LA_T_7955868.flac,1,FAKE,LA_0095,train,ASVspoof2019_LA,ASVspoof2019.LA.cm.train.trn.txt
LA_T_3826727.flac,1,FAKE,LA_0080,train,ASVspoof2019_LA,ASVspoof2019.LA.cm.train.trn.txt
LA_T_8419713.flac,0,REAL,LA_0092,train,ASVspoof2019_LA,ASVspoof2019.LA.cm.train.trn.txt
LA_T_5154755.flac,0,REAL,LA_0088,train,ASVspoof2019_LA,ASVspoof2019.LA.cm.train.trn.txt
LA_T_8553415.flac,1,FAKE,LA_0085,train,ASVspoof2019_LA,ASVspoof2019.LA.cm.train.trn.txt
LA_T_3947176.flac,1,FAKE,LA_0093,train,ASVspoof2019_LA,ASVspoof2019.LA.cm.train.trn.txt
LA_T_2735137.flac,1,FAKE,LA_0086,train,ASVspoof2019_LA,ASVspoof2019.LA.cm.train.trn.txt
LA_T_2002097.flac,1,FAKE,LA_0083,train,ASVspoof2019_LA,ASVspoof2019.LA.cm.train.trn.txt
LA_T_6082136.flac,0,REAL,LA_0091,train,ASVspoof2019_LA,ASVspoof2019.LA.cm.train.trn.txt
LA_T_7126643.flac,1,FAKE,LA_0098,train,ASVspoof2019_LA,ASVspoof2019.LA.cm.train.trn.txt
LA_T_2479041.flac,1,FAKE,LA_0081,train,ASVspoof2019_LA,ASVspoof2019.LA.cm.train.trn.txt
LA_T_7855509.flac,0,REAL,LA_0083,train,ASVspoof2019_LA,ASVspoof2019.LA.cm.train.trn.txt
LA_T_6878620.flac,1,FAKE,LA_0081,train,ASVspoof2019_LA,ASVspoof2019.LA.cm.train.trn.txt
LA_T_8458654.flac,0,REAL,LA_0079,train,ASVspoof2019_LA,ASVspoof2019.LA.cm.train.trn.txt
LA_T_1933449.flac,0,REAL,LA_0083,train,ASVspoof2019_LA,ASVspoof2019.LA.cm.train.trn.txt
LA_T_1745690.flac,0,REAL,LA_0090,train,ASVspoof2019_LA,ASVspoof2019.LA.cm.train.trn.txt
LA_T_3814997.flac,1,FAKE,LA_0080,train,ASVspoof2019_LA,ASVspoof2019.LA.cm.train.trn.txt
LA_T_6287491.flac,0,REAL,LA_0093,train,ASVspoof2019_LA,ASVspoof2019.LA.cm.train.trn.txt
LA_T_8171933.flac,0,REAL,LA_0090,train,ASVspoof2019_LA,ASVspoof2019.LA.cm.train.trn.txt
LA_T_9263115.flac,1,FAKE,LA_0094,train,ASVspoof2019_LA,ASVspoof2019.LA.cm.train.trn.txt
LA_T_9506168.flac,0,REAL,LA_0097,train,ASVspoof2019_LA,ASVspoof2019.LA.cm.train.trn.txt
LA_T_6087132.flac,0,REAL,LA_0087,train,ASVspoof2019_LA,ASVspoof2019.LA.cm.train.trn.txt
LA_T_7012248.flac,1,FAKE,LA_0089,train,ASVspoof2019_LA,ASVspoof2019.LA.cm.train.trn.txt
LA_T_2053991.flac,1,FAKE,LA_0080,train,ASVspoof2019_LA,ASVspoof2019.LA.cm.train.trn.txt
LA_T_5169294.flac,0,REAL,LA_0095,train,ASVspoof2019_LA,ASVspoof2019.LA.cm.train.trn.txt
LA_T_6487011.flac,0,REAL,LA_0087,train,ASVspoof2019_LA,ASVspoof2019.LA.cm.train.trn.txt
LA_T_5021134.flac,1,FAKE,LA_0097,train,ASVspoof2019_LA,ASVspoof2019.LA.cm.train.trn.txt
LA_T_9682976.flac,1,FAKE,LA_0085,train,ASVspoof2019_LA,ASVspoof2019.LA.cm.train.trn.txt
LA_T_9079590.flac,0,REAL,LA_0086,train,ASVspoof2019_LA,ASVspoof2019.LA.cm.train.trn.txt
LA_T_4195301.flac,1,FAKE,LA_0084,train,ASVspoof2019_LA,ASVspoof2019.LA.cm.train.trn.txt
LA_T_1482834.flac,0,REAL,LA_0087,train,ASVspoof2019_LA,ASVspoof2019.LA.cm.train.trn.txt
LA_T_1050944.flac,1,FAKE,LA_0088,train,ASVspoof2019_LA,ASVspoof2019.LA.cm.train.trn.txt
LA_T_9251617.flac,0,REAL,LA_0092,train,ASVspoof2019_LA,ASVspoof2019.LA.cm.train.trn.txt
LA_T_5770156.flac,1,FAKE,LA_0097,train,ASVspoof2019_LA,ASVspoof2019.LA.cm.train.trn.txt
LA_T_1669827.flac,0,REAL,LA_0098,train,ASVspoof2019_LA,ASVspoof2019.LA.cm.train.trn.txt
LA_T_1582558.flac,1,FAKE,LA_0079,train,ASVspoof2019_LA,ASVspoof2019.LA.cm.train.trn.txt
LA_T_2857301.flac,0,REAL,LA_0098,train,ASVspoof2019_LA,ASVspoof2019.LA.cm.train.trn.txt
LA_T_4486316.flac,0,REAL,LA_0082,train,ASVspoof2019_LA,ASVspoof2019.LA.cm.train.trn.txt
LA_T_6034182.flac,0,REAL,LA_0086,train,ASVspoof2019_LA,ASVspoof2019.LA.cm.train.trn.txt
LA_T_5553896.flac,1,FAKE,LA_0087,train,ASVspoof2019_LA,ASVspoof2019.LA.cm.train.trn.txt
LA_T_2726428.flac,0,REAL,LA_0088,train,ASVspoof2019_LA,ASVspoof2019.LA.cm.train.trn.txt
LA_T_4509152.flac,0,REAL,LA_0094,train,ASVspoof2019_LA,ASVspoof2019.LA.cm.train.trn.txt
LA_T_2936703.flac,0,REAL,LA_0087,train,ASVspoof2019_LA,ASVspoof2019.LA.cm.train.trn.txt
LA_T_5991300.flac,0,REAL,LA_0085,train,ASVspoof2019_LA,ASVspoof2019.LA.cm.train.trn.txt
LA_T_4710920.flac,0,REAL,LA_0082,train,ASVspoof2019_LA,ASVspoof2019.LA.cm.train.trn.txt
LA_T_8105555.flac,0,REAL,LA_0084,train,ASVspoof2019_LA,ASVspoof2019.LA.cm.train.trn.txt
LA_T_9635011.flac,1,FAKE,LA_0089,train,ASVspoof2019_LA,ASVspoof2019.LA.cm.train.trn.txt
LA_T_9382514.flac,1,FAKE,LA_0088,train,ASVspoof2019_LA,ASVspoof2019.LA.cm.train.trn.txt
LA_T_6284607.flac,1,FAKE,LA_0098,train,ASVspoof2019_LA,ASVspoof2019.LA.cm.train.trn.txt
LA_T_9499930.flac,1,FAKE,LA_0092,train,ASVspoof2019_LA,ASVspoof2019.LA.cm.train.trn.txt
LA_T_4051929.flac,0,REAL,LA_0093,train,ASVspoof2019_LA,ASVspoof2019.LA.cm.train.trn.txt
LA_T_5795707.flac,0,REAL,LA_0087,train,ASVspoof2019_LA,ASVspoof2019.LA.cm.train.trn.txt
LA_T_5034418.flac,0,REAL,LA_0094,train,ASVspoof2019_LA,ASVspoof2019.LA.cm.train.trn.txt
LA_T_7642568.flac,1,FAKE,LA_0096,train,ASVspoof2019_LA,ASVspoof2019.LA.cm.train.trn.txt
LA_T_7179987.flac,0,REAL,LA_0098,train,ASVspoof2019_LA,ASVspoof2019.LA.cm.train.trn.txt
LA_T_9465798.flac,1,FAKE,LA_0087,train,ASVspoof2019_LA,ASVspoof2019.LA.cm.train.trn.txt
LA_T_4232316.flac,1,FAKE,LA_0085,train,ASVspoof2019_LA,ASVspoof2019.LA.cm.train.trn.txt
LA_T_1050008.flac,0,REAL,LA_0098,train,ASVspoof2019_LA,ASVspoof2019.LA.cm.train.trn.txt
LA_T_4160149.flac,0,REAL,LA_0086,train,ASVspoof2019_LA,ASVspoof2019.LA.cm.train.trn.txt
LA_T_8208951.flac,0,REAL,LA_0096,train,ASVspoof2019_LA,ASVspoof2019.LA.cm.train.trn.txt
LA_T_2113561.flac,0,REAL,LA_0086,train,ASVspoof2019_LA,ASVspoof2019.LA.cm.train.trn.txt
LA_T_9622854.flac,0,REAL,LA_0091,train,ASVspoof2019_LA,ASVspoof2019.LA.cm.train.trn.txt
LA_T_3981124.flac,1,FAKE,LA_0085,train,ASVspoof2019_LA,ASVspoof2019.LA.cm.train.trn.txt
LA_T_8967399.flac,1,FAKE,LA_0094,train,ASVspoof2019_LA,ASVspoof2019.LA.cm.train.trn.txt
LA_T_8805379.flac,1,FAKE,LA_0085,train,ASVspoof2019_LA,ASVspoof2019.LA.cm.train.trn.txt
LA_T_5755110.flac,0,REAL,LA_0095,train,ASVspoof2019_LA,ASVspoof2019.LA.cm.train.trn.txt
LA_T_3720724.flac,0,REAL,LA_0093,train,ASVspoof2019_LA,ASVspoof2019.LA.cm.train.trn.txt
LA_T_6170947.flac,1,FAKE,LA_0095,train,ASVspoof2019_LA,ASVspoof2019.LA.cm.train.trn.txt
LA_T_9431341.flac,0,REAL,LA_0079,train,ASVspoof2019_LA,ASVspoof2019.LA.cm.train.trn.txt
LA_T_1482076.flac,0,REAL,LA_0095,train,ASVspoof2019_LA,ASVspoof2019.LA.cm.train.trn.txt
LA_T_2241857.flac,1,FAKE,LA_0084,train,ASVspoof2019_LA,ASVspoof2019.LA.cm.train.trn.txt
LA_T_7051313.flac,0,REAL,LA_0084,train,ASVspoof2019_LA,ASVspoof2019.LA.cm.train.trn.txt
LA_T_6631167.flac,0,REAL,LA_0080,train,ASVspoof2019_LA,ASVspoof2019.LA.cm.train.trn.txt
LA_T_5137305.flac,1,FAKE,LA_0083,train,ASVspoof2019_LA,ASVspoof2019.LA.cm.train.trn.txt
LA_T_2280500.flac,0,REAL,LA_0084,train,ASVspoof2019_LA,ASVspoof2019.LA.cm.train.trn.txt
LA_T_4513430.flac,0,REAL,LA_0081,train,ASVspoof2019_LA,ASVspoof2019.LA.cm.train.trn.txt
LA_T_7670343.flac,1,FAKE,LA_0090,train,ASVspoof2019_LA,ASVspoof2019.LA.cm.train.trn.txt
LA_T_5696560.flac,0,REAL,LA_0092,train,ASVspoof2019_LA,ASVspoof2019.LA.cm.train.trn.txt
LA_T_3679258.flac,0,REAL,LA_0084,train,ASVspoof2019_LA,ASVspoof2019.LA.cm.train.trn.txt
LA_T_6462285.flac,0,REAL,LA_0080,train,ASVspoof2019_LA,ASVspoof2019.LA.cm.train.trn.txt
LA_T_3622175.flac,1,FAKE,LA_0097,train,ASVspoof2019_LA,ASVspoof2019.LA.cm.train.trn.txt
LA_T_1922746.flac,0,REAL,LA_0085,train,ASVspoof2019_LA,ASVspoof2019.LA.cm.train.trn.txt
LA_T_8874328.flac,0,REAL,LA_0087,train,ASVspoof2019_LA,ASVspoof2019.LA.cm.train.trn.txt
LA_T_6398380.flac,1,FAKE,LA_0093,train,ASVspoof2019_LA,ASVspoof2019.LA.cm.train.trn.txt
LA_T_4248963.flac,1,FAKE,LA_0093,train,ASVspoof2019_LA,ASVspoof2019.LA.cm.train.trn.txt
LA_T_6481649.flac,1,FAKE,LA_0085,train,ASVspoof2019_LA,ASVspoof2019.LA.cm.train.trn.txt
LA_T_7601537.flac,0,REAL,LA_0087,train,ASVspoof2019_LA,ASVspoof2019.LA.cm.train.trn.txt
LA_T_4868092.flac,1,FAKE,LA_0090,train,ASVspoof2019_LA,ASVspoof2019.LA.cm.train.trn.txt
LA_T_5882239.flac,1,FAKE,LA_0087,train,ASVspoof2019_LA,ASVspoof2019.LA.cm.train.trn.txt
LA_T_3995089.flac,0,REAL,LA_0079,train,ASVspoof2019_LA,ASVspoof2019.LA.cm.train.trn.txt
LA_T_6275615.flac,0,REAL,LA_0095,train,ASVspoof2019_LA,ASVspoof2019.LA.cm.train.trn.txt
LA_T_7774011.flac,0,REAL,LA_0087,train,ASVspoof2019_LA,ASVspoof2019.LA.cm.train.trn.txt
LA_T_3995124.flac,1,FAKE,LA_0091,train,ASVspoof2019_LA,ASVspoof2019.LA.cm.train.trn.txt
LA_T_6316929.flac,1,FAKE,LA_0083,train,ASVspoof2019_LA,ASVspoof2019.LA.cm.train.trn.txt
LA_T_2392145.flac,1,FAKE,LA_0094,train,ASVspoof2019_LA,ASVspoof2019.LA.cm.train.trn.txt
LA_T_3633380.flac,1,FAKE,LA_0082,train,ASVspoof2019_LA,ASVspoof2019.LA.cm.train.trn.txt
LA_T_5900964.flac,0,REAL,LA_0083,train,ASVspoof2019_LA,ASVspoof2019.LA.cm.train.trn.txt
LA_T_8778911.flac,0,REAL,LA_0096,train,ASVspoof2019_LA,ASVspoof2019.LA.cm.train.trn.txt
LA_T_3813986.flac,1,FAKE,LA_0089,train,ASVspoof2019_LA,ASVspoof2019.LA.cm.train.trn.txt
LA_T_2462718.flac,1,FAKE,LA_0091,train,ASVspoof2019_LA,ASVspoof2019.LA.cm.train.trn.txt
LA_T_4821239.flac,1,FAKE,LA_0095,train,ASVspoof2019_LA,ASVspoof2019.LA.cm.train.trn.txt
LA_T_1897758.flac,0,REAL,LA_0096,train,ASVspoof2019_LA,ASVspoof2019.LA.cm.train.trn.txt
LA_T_7696598.flac,0,REAL,LA_0082,train,ASVspoof2019_LA,ASVspoof2019.LA.cm.train.trn.txt
LA_T_3226167.flac,0,REAL,LA_0082,train,ASVspoof2019_LA,ASVspoof2019.LA.cm.train.trn.txt
LA_T_9322055.flac,0,REAL,LA_0095,train,ASVspoof2019_LA,ASVspoof2019.LA.cm.train.trn.txt
LA_T_1120947.flac,1,FAKE,LA_0087,train,ASVspoof2019_LA,ASVspoof2019.LA.cm.train.trn.txt
LA_T_9375597.flac,1,FAKE,LA_0087,train,ASVspoof2019_LA,ASVspoof2019.LA.cm.train.trn.txt
LA_T_3593688.flac,0,REAL,LA_0090,train,ASVspoof2019_LA,ASVspoof2019.LA.cm.train.trn.txt
LA_T_3447323.flac,0,REAL,LA_0088,train,ASVspoof2019_LA,ASVspoof2019.LA.cm.train.trn.txt
LA_T_6510676.flac,1,FAKE,LA_0090,train,ASVspoof2019_LA,ASVspoof2019.LA.cm.train.trn.txt
LA_T_8811619.flac,1,FAKE,LA_0096,train,ASVspoof2019_LA,ASVspoof2019.LA.cm.train.trn.txt
LA_T_3505871.flac,0,REAL,LA_0098,train,ASVspoof2019_LA,ASVspoof2019.LA.cm.train.trn.txt
LA_T_1269847.flac,0,REAL,LA_0083,train,ASVspoof2019_LA,ASVspoof2019.LA.cm.train.trn.txt
LA_T_7781124.flac,1,FAKE,LA_0089,train,ASVspoof2019_LA,ASVspoof2019.LA.cm.train.trn.txt
LA_T_1022551.flac,1,FAKE,LA_0082,train,ASVspoof2019_LA,ASVspoof2019.LA.cm.train.trn.txt
LA_T_6512199.flac,1,FAKE,LA_0088,train,ASVspoof2019_LA,ASVspoof2019.LA.cm.train.trn.txt
LA_T_7427268.flac,1,FAKE,LA_0095,train,ASVspoof2019_LA,ASVspoof2019.LA.cm.train.trn.txt
LA_T_5117515.flac,1,FAKE,LA_0090,train,ASVspoof2019_LA,ASVspoof2019.LA.cm.train.trn.txt
LA_T_4164792.flac,1,FAKE,LA_0084,train,ASVspoof2019_LA,ASVspoof2019.LA.cm.train.trn.txt
LA_T_4539906.flac,1,FAKE,LA_0089,train,ASVspoof2019_LA,ASVspoof2019.LA.cm.train.trn.txt
LA_T_4436477.flac,0,REAL,LA_0089,train,ASVspoof2019_LA,ASVspoof2019.LA.cm.train.trn.txt
LA_T_1987048.flac,1,FAKE,LA_0090,train,ASVspoof2019_LA,ASVspoof2019.LA.cm.train.trn.txt
LA_T_3751646.flac,0,REAL,LA_0098,train,ASVspoof2019_LA,ASVspoof2019.LA.cm.train.trn.txt
LA_T_6458059.flac,1,FAKE,LA_0081,train,ASVspoof2019_LA,ASVspoof2019.LA.cm.train.trn.txt
LA_T_8193150.flac,0,REAL,LA_0082,train,ASVspoof2019_LA,ASVspoof2019.LA.cm.train.trn.txt
LA_T_4400269.flac,0,REAL,LA_0081,train,ASVspoof2019_LA,ASVspoof2019.LA.cm.train.trn.txt
LA_T_3167562.flac,1,FAKE,LA_0083,train,ASVspoof2019_LA,ASVspoof2019.LA.cm.train.trn.txt
LA_T_1963829.flac,0,REAL,LA_0084,train,ASVspoof2019_LA,ASVspoof2019.LA.cm.train.trn.txt
LA_T_5598718.flac,1,FAKE,LA_0086,train,ASVspoof2019_LA,ASVspoof2019.LA.cm.train.trn.txt
LA_T_5411496.flac,1,FAKE,LA_0084,train,ASVspoof2019_LA,ASVspoof2019.LA.cm.train.trn.txt
LA_T_1217503.flac,1,FAKE,LA_0090,train,ASVspoof2019_LA,ASVspoof2019.LA.cm.train.trn.txt
LA_T_7338817.flac,1,FAKE,LA_0079,train,ASVspoof2019_LA,ASVspoof2019.LA.cm.train.trn.txt
LA_T_7755046.flac,0,REAL,LA_0087,train,ASVspoof2019_LA,ASVspoof2019.LA.cm.train.trn.txt
LA_T_1235793.flac,0,REAL,LA_0097,train,ASVspoof2019_LA,ASVspoof2019.LA.cm.train.trn.txt
LA_T_6414686.flac,1,FAKE,LA_0081,train,ASVspoof2019_LA,ASVspoof2019.LA.cm.train.trn.txt
LA_T_3366076.flac,1,FAKE,LA_0079,train,ASVspoof2019_LA,ASVspoof2019.LA.cm.train.trn.txt
LA_T_8583125.flac,0,REAL,LA_0091,train,ASVspoof2019_LA,ASVspoof2019.LA.cm.train.trn.txt
LA_T_5954195.flac,0,REAL,LA_0079,train,ASVspoof2019_LA,ASVspoof2019.LA.cm.train.trn.txt
LA_T_4936345.flac,1,FAKE,LA_0088,train,ASVspoof2019_LA,ASVspoof2019.LA.cm.train.trn.txt
LA_T_5613911.flac,0,REAL,LA_0092,train,ASVspoof2019_LA,ASVspoof2019.LA.cm.train.trn.txt
LA_T_2555512.flac,1,FAKE,LA_0089,train,ASVspoof2019_LA,ASVspoof2019.LA.cm.train.trn.txt
LA_T_9717737.flac,0,REAL,LA_0083,train,ASVspoof2019_LA,ASVspoof2019.LA.cm.train.trn.txt
LA_T_8864733.flac,0,REAL,LA_0086,train,ASVspoof2019_LA,ASVspoof2019.LA.cm.train.trn.txt
LA_T_5669661.flac,0,REAL,LA_0089,train,ASVspoof2019_LA,ASVspoof2019.LA.cm.train.trn.txt
LA_T_4105831.flac,1,FAKE,LA_0098,train,ASVspoof2019_LA,ASVspoof2019.LA.cm.train.trn.txt
LA_T_4848180.flac,0,REAL,LA_0084,train,ASVspoof2019_LA,ASVspoof2019.LA.cm.train.trn.txt
LA_T_6861216.flac,0,REAL,LA_0087,train,ASVspoof2019_LA,ASVspoof2019.LA.cm.train.trn.txt
LA_T_8539376.flac,1,FAKE,LA_0098,train,ASVspoof2019_LA,ASVspoof2019.LA.cm.train.trn.txt
LA_T_3798011.flac,1,FAKE,LA_0085,train,ASVspoof2019_LA,ASVspoof2019.LA.cm.train.trn.txt
LA_T_6394020.flac,1,FAKE,LA_0090,train,ASVspoof2019_LA,ASVspoof2019.LA.cm.train.trn.txt
LA_T_9949065.flac,1,FAKE,LA_0092,train,ASVspoof2019_LA,ASVspoof2019.LA.cm.train.trn.txt
LA_T_9549153.flac,0,REAL,LA_0095,train,ASVspoof2019_LA,ASVspoof2019.LA.cm.train.trn.txt
LA_T_7661844.flac,1,FAKE,LA_0092,train,ASVspoof2019_LA,ASVspoof2019.LA.cm.train.trn.txt
LA_T_3708277.flac,1,FAKE,LA_0086,train,ASVspoof2019_LA,ASVspoof2019.LA.cm.train.trn.txt
LA_T_8159529.flac,1,FAKE,LA_0090,train,ASVspoof2019_LA,ASVspoof2019.LA.cm.train.trn.txt
LA_T_1751057.flac,1,FAKE,LA_0089,train,ASVspoof2019_LA,ASVspoof2019.LA.cm.train.trn.txt
LA_T_2636033.flac,1,FAKE,LA_0081,train,ASVspoof2019_LA,ASVspoof2019.LA.cm.train.trn.txt
LA_T_5710203.flac,1,FAKE,LA_0098,train,ASVspoof2019_LA,ASVspoof2019.LA.cm.train.trn.txt
LA_T_3544596.flac,1,FAKE,LA_0085,train,ASVspoof2019_LA,ASVspoof2019.LA.cm.train.trn.txt
LA_T_8887502.flac,0,REAL,LA_0093,train,ASVspoof2019_LA,ASVspoof2019.LA.cm.train.trn.txt
LA_T_6527686.flac,1,FAKE,LA_0081,train,ASVspoof2019_LA,ASVspoof2019.LA.cm.train.trn.txt
LA_T_9166813.flac,0,REAL,LA_0086,train,ASVspoof2019_LA,ASVspoof2019.LA.cm.train.trn.txt
LA_T_8297185.flac,1,FAKE,LA_0093,train,ASVspoof2019_LA,ASVspoof2019.LA.cm.train.trn.txt
LA_T_4907168.flac,1,FAKE,LA_0089,train,ASVspoof2019_LA,ASVspoof2019.LA.cm.train.trn.txt
LA_T_8722539.flac,1,FAKE,LA_0080,train,ASVspoof2019_LA,ASVspoof2019.LA.cm.train.trn.txt
LA_T_2598851.flac,0,REAL,LA_0092,train,ASVspoof2019_LA,ASVspoof2019.LA.cm.train.trn.txt
LA_T_2065195.flac,0,REAL,LA_0097,train,ASVspoof2019_LA,ASVspoof2019.LA.cm.train.trn.txt
LA_T_3962344.flac,1,FAKE,LA_0091,train,ASVspoof2019_LA,ASVspoof2019.LA.cm.train.trn.txt
LA_T_4270225.flac,0,REAL,LA_0093,train,ASVspoof2019_LA,ASVspoof2019.LA.cm.train.trn.txt
LA_T_6426400.flac,0,REAL,LA_0081,train,ASVspoof2019_LA,ASVspoof2019.LA.cm.train.trn.txt
LA_T_5554253.flac,0,REAL,LA_0091,train,ASVspoof2019_LA,ASVspoof2019.LA.cm.train.trn.txt
LA_T_9196479.flac,1,FAKE,LA_0084,train,ASVspoof2019_LA,ASVspoof2019.LA.cm.train.trn.txt
LA_T_1076210.flac,1,FAKE,LA_0094,train,ASVspoof2019_LA,ASVspoof2019.LA.cm.train.trn.txt
LA_T_1663364.flac,1,FAKE,LA_0088,train,ASVspoof2019_LA,ASVspoof2019.LA.cm.train.trn.txt
LA_T_1603993.flac,1,FAKE,LA_0094,train,ASVspoof2019_LA,ASVspoof2019.LA.cm.train.trn.txt
LA_T_9102017.flac,0,REAL,LA_0080,train,ASVspoof2019_LA,ASVspoof2019.LA.cm.train.trn.txt
LA_T_2054424.flac,0,REAL,LA_0096,train,ASVspoof2019_LA,ASVspoof2019.LA.cm.train.trn.txt
LA_T_1511191.flac,0,REAL,LA_0080,train,ASVspoof2019_LA,ASVspoof2019.LA.cm.train.trn.txt
LA_T_1511193.flac,0,REAL,LA_0090,train,ASVspoof2019_LA,ASVspoof2019.LA.cm.train.trn.txt
LA_T_7601609.flac,1,FAKE,LA_0082,train,ASVspoof2019_LA,ASVspoof2019.LA.cm.train.trn.txt
LA_T_2556562.flac,0,REAL,LA_0092,train,ASVspoof2019_LA,ASVspoof2019.LA.cm.train.trn.txt
LA_T_5839871.flac,1,FAKE,LA_0095,train,ASVspoof2019_LA,ASVspoof2019.LA.cm.train.trn.txt
LA_T_2703655.flac,1,FAKE,LA_0091,train,ASVspoof2019_LA,ASVspoof2019.LA.cm.train.trn.txt
LA_T_2367440.flac,1,FAKE,LA_0088,train,ASVspoof2019_LA,ASVspoof2019.LA.cm.train.trn.txt
LA_T_8234497.flac,0,REAL,LA_0090,train,ASVspoof2019_LA,ASVspoof2019.LA.cm.train.trn.txt
LA_T_5566330.flac,1,FAKE,LA_0089,train,ASVspoof2019_LA,ASVspoof2019.LA.cm.train.trn.txt
LA_T_3154528.flac,0,REAL,LA_0084,train,ASVspoof2019_LA,ASVspoof2019.LA.cm.train.trn.txt
LA_T_5971038.flac,0,REAL,LA_0088,train,ASVspoof2019_LA,ASVspoof2019.LA.cm.train.trn.txt
LA_T_3188096.flac,1,FAKE,LA_0098,train,ASVspoof2019_LA,ASVspoof2019.LA.cm.train.trn.txt
LA_T_4760367.flac,0,REAL,LA_0089,train,ASVspoof2019_LA,ASVspoof2019.LA.cm.train.trn.txt
LA_T_8651042.flac,0,REAL,LA_0080,train,ASVspoof2019_LA,ASVspoof2019.LA.cm.train.trn.txt
LA_T_5394738.flac,1,FAKE,LA_0082,train,ASVspoof2019_LA,ASVspoof2019.LA.cm.train.trn.txt
LA_T_9027506.flac,1,FAKE,LA_0080,train,ASVspoof2019_LA,ASVspoof2019.LA.cm.train.trn.txt
LA_T_3339466.flac,1,FAKE,LA_0091,train,ASVspoof2019_LA,ASVspoof2019.LA.cm.train.trn.txt
LA_T_9070455.flac,1,FAKE,LA_0089,train,ASVspoof2019_LA,ASVspoof2019.LA.cm.train.trn.txt
LA_T_4625554.flac,1,FAKE,LA_0082,train,ASVspoof2019_LA,ASVspoof2019.LA.cm.train.trn.txt
LA_T_5805796.flac,0,REAL,LA_0096,train,ASVspoof2019_LA,ASVspoof2019.LA.cm.train.trn.txt
LA_T_8126617.flac,1,FAKE,LA_0091,train,ASVspoof2019_LA,ASVspoof2019.LA.cm.train.trn.txt
LA_T_4860349.flac,0,REAL,LA_0082,train,ASVspoof2019_LA,ASVspoof2019.LA.cm.train.trn.txt
LA_T_7948400.flac,0,REAL,LA_0080,train,ASVspoof2019_LA,ASVspoof2019.LA.cm.train.trn.txt
LA_T_9398797.flac,0,REAL,LA_0094,train,ASVspoof2019_LA,ASVspoof2019.LA.cm.train.trn.txt
LA_T_7873823.flac,1,FAKE,LA_0094,train,ASVspoof2019_LA,ASVspoof2019.LA.cm.train.trn.txt
LA_T_3652205.flac,1,FAKE,LA_0095,train,ASVspoof2019_LA,ASVspoof2019.LA.cm.train.trn.txt
LA_T_8458796.flac,1,FAKE,LA_0093,train,ASVspoof2019_LA,ASVspoof2019.LA.cm.train.trn.txt
LA_T_1926605.flac,1,FAKE,LA_0090,train,ASVspoof2019_LA,ASVspoof2019.LA.cm.train.trn.txt
LA_T_5727926.flac,1,FAKE,LA_0086,train,ASVspoof2019_LA,ASVspoof2019.LA.cm.train.trn.txt
LA_T_7816568.flac,0,REAL,LA_0082,train,ASVspoof2019_LA,ASVspoof2019.LA.cm.train.trn.txt
LA_T_1878391.flac,0,REAL,LA_0084,train,ASVspoof2019_LA,ASVspoof2019.LA.cm.train.trn.txt
LA_T_7677120.flac,0,REAL,LA_0079,train,ASVspoof2019_LA,ASVspoof2019.LA.cm.train.trn.txt
LA_T_2843687.flac,1,FAKE,LA_0098,train,ASVspoof2019_LA,ASVspoof2019.LA.cm.train.trn.txt
LA_T_1631270.flac,1,FAKE,LA_0095,train,ASVspoof2019_LA,ASVspoof2019.LA.cm.train.trn.txt
LA_T_7321267.flac,1,FAKE,LA_0081,train,ASVspoof2019_LA,ASVspoof2019.LA.cm.train.trn.txt
LA_T_4260225.flac,1,FAKE,LA_0086,train,ASVspoof2019_LA,ASVspoof2019.LA.cm.train.trn.txt
LA_T_8880327.flac,0,REAL,LA_0088,train,ASVspoof2019_LA,ASVspoof2019.LA.cm.train.trn.txt
LA_T_4769298.flac,0,REAL,LA_0082,train,ASVspoof2019_LA,ASVspoof2019.LA.cm.train.trn.txt
LA_T_4666356.flac,0,REAL,LA_0086,train,ASVspoof2019_LA,ASVspoof2019.LA.cm.train.trn.txt
LA_T_3570279.flac,0,REAL,LA_0081,train,ASVspoof2019_LA,ASVspoof2019.LA.cm.train.trn.txt
LA_T_9189420.flac,0,REAL,LA_0083,train,ASVspoof2019_LA,ASVspoof2019.LA.cm.train.trn.txt
LA_T_2421094.flac,1,FAKE,LA_0095,train,ASVspoof2019_LA,ASVspoof2019.LA.cm.train.trn.txt
LA_T_5718643.flac,1,FAKE,LA_0083,train,ASVspoof2019_LA,ASVspoof2019.LA.cm.train.trn.txt
LA_T_6756969.flac,0,REAL,LA_0087,train,ASVspoof2019_LA,ASVspoof2019.LA.cm.train.trn.txt
LA_T_7682283.flac,1,FAKE,LA_0087,train,ASVspoof2019_LA,ASVspoof2019.LA.cm.train.trn.txt
LA_T_8639228.flac,0,REAL,LA_0092,train,ASVspoof2019_LA,ASVspoof2019.LA.cm.train.trn.txt
LA_T_7814998.flac,1,FAKE,LA_0096,train,ASVspoof2019_LA,ASVspoof2019.LA.cm.train.trn.txt
LA_T_7466998.flac,0,REAL,LA_0092,train,ASVspoof2019_LA,ASVspoof2019.LA.cm.train.trn.txt
LA_T_2201500.flac,0,REAL,LA_0089,train,ASVspoof2019_LA,ASVspoof2019.LA.cm.train.trn.txt
LA_T_7182662.flac,0,REAL,LA_0098,train,ASVspoof2019_LA,ASVspoof2019.LA.cm.train.trn.txt
LA_T_2642748.flac,0,REAL,LA_0096,train,ASVspoof2019_LA,ASVspoof2019.LA.cm.train.trn.txt
LA_T_2034214.flac,0,REAL,LA_0087,train,ASVspoof2019_LA,ASVspoof2019.LA.cm.train.trn.txt
LA_T_8482694.flac,0,REAL,LA_0096,train,ASVspoof2019_LA,ASVspoof2019.LA.cm.train.trn.txt
LA_T_5408992.flac,0,REAL,LA_0082,train,ASVspoof2019_LA,ASVspoof2019.LA.cm.train.trn.txt
LA_T_9108411.flac,0,REAL,LA_0090,train,ASVspoof2019_LA,ASVspoof2019.LA.cm.train.trn.txt
LA_T_4140135.flac,0,REAL,LA_0088,train,ASVspoof2019_LA,ASVspoof2019.LA.cm.train.trn.txt
LA_T_5612304.flac,1,FAKE,LA_0089,train,ASVspoof2019_LA,ASVspoof2019.LA.cm.train.trn.txt
LA_T_5004305.flac,1,FAKE,LA_0089,train,ASVspoof2019_LA,ASVspoof2019.LA.cm.train.trn.txt
LA_T_2294805.flac,1,FAKE,LA_0080,train,ASVspoof2019_LA,ASVspoof2019.LA.cm.train.trn.txt
LA_T_3693339.flac,1,FAKE,LA_0095,train,ASVspoof2019_LA,ASVspoof2019.LA.cm.train.trn.txt
LA_T_4127674.flac,1,FAKE,LA_0096,train,ASVspoof2019_LA,ASVspoof2019.LA.cm.train.trn.txt
LA_T_5266787.flac,0,REAL,LA_0080,train,ASVspoof2019_LA,ASVspoof2019.LA.cm.train.trn.txt
LA_T_2084488.flac,1,FAKE,LA_0085,train,ASVspoof2019_LA,ASVspoof2019.LA.cm.train.trn.txt
LA_T_1662467.flac,0,REAL,LA_0083,train,ASVspoof2019_LA,ASVspoof2019.LA.cm.train.trn.txt
LA_T_6887320.flac,1,FAKE,LA_0084,train,ASVspoof2019_LA,ASVspoof2019.LA.cm.train.trn.txt
LA_T_2053735.flac,1,FAKE,LA_0096,train,ASVspoof2019_LA,ASVspoof2019.LA.cm.train.trn.txt
LA_T_7168958.flac,1,FAKE,LA_0083,train,ASVspoof2019_LA,ASVspoof2019.LA.cm.train.trn.txt
LA_T_3544376.flac,1,FAKE,LA_0090,train,ASVspoof2019_LA,ASVspoof2019.LA.cm.train.trn.txt
LA_T_5123366.flac,0,REAL,LA_0081,train,ASVspoof2019_LA,ASVspoof2019.LA.cm.train.trn.txt
LA_T_2977629.flac,1,FAKE,LA_0085,train,ASVspoof2019_LA,ASVspoof2019.LA.cm.train.trn.txt
LA_T_8359685.flac,1,FAKE,LA_0093,train,ASVspoof2019_LA,ASVspoof2019.LA.cm.train.trn.txt
LA_T_9763097.flac,1,FAKE,LA_0081,train,ASVspoof2019_LA,ASVspoof2019.LA.cm.train.trn.txt
LA_T_4376138.flac,1,FAKE,LA_0079,train,ASVspoof2019_LA,ASVspoof2019.LA.cm.train.trn.txt
LA_T_9910870.flac,1,FAKE,LA_0081,train,ASVspoof2019_LA,ASVspoof2019.LA.cm.train.trn.txt
LA_T_4506743.flac,1,FAKE,LA_0081,train,ASVspoof2019_LA,ASVspoof2019.LA.cm.train.trn.txt
LA_T_9690664.flac,1,FAKE,LA_0092,train,ASVspoof2019_LA,ASVspoof2019.LA.cm.train.trn.txt
LA_T_8935620.flac,1,FAKE,LA_0093,train,ASVspoof2019_LA,ASVspoof2019.LA.cm.train.trn.txt
LA_T_4614402.flac,0,REAL,LA_0086,train,ASVspoof2019_LA,ASVspoof2019.LA.cm.train.trn.txt
LA_T_2788845.flac,1,FAKE,LA_0091,train,ASVspoof2019_LA,ASVspoof2019.LA.cm.train.trn.txt
LA_T_1531219.flac,1,FAKE,LA_0091,train,ASVspoof2019_LA,ASVspoof2019.LA.cm.train.trn.txt
LA_T_9670904.flac,0,REAL,LA_0094,train,ASVspoof2019_LA,ASVspoof2019.LA.cm.train.trn.txt
LA_T_6097411.flac,1,FAKE,LA_0085,train,ASVspoof2019_LA,ASVspoof2019.LA.cm.train.trn.txt
LA_T_7429069.flac,0,REAL,LA_0089,train,ASVspoof2019_LA,ASVspoof2019.LA.cm.train.trn.txt
LA_T_3388956.flac,0,REAL,LA_0086,train,ASVspoof2019_LA,ASVspoof2019.LA.cm.train.trn.txt
LA_T_2118892.flac,0,REAL,LA_0088,train,ASVspoof2019_LA,ASVspoof2019.LA.cm.train.trn.txt
LA_T_1591483.flac,1,FAKE,LA_0082,train,ASVspoof2019_LA,ASVspoof2019.LA.cm.train.trn.txt
LA_T_4698044.flac,0,REAL,LA_0097,train,ASVspoof2019_LA,ASVspoof2019.LA.cm.train.trn.txt
LA_T_4529448.flac,1,FAKE,LA_0082,train,ASVspoof2019_LA,ASVspoof2019.LA.cm.train.trn.txt
LA_T_8966163.flac,1,FAKE,LA_0085,train,ASVspoof2019_LA,ASVspoof2019.LA.cm.train.trn.txt
LA_T_5817855.flac,1,FAKE,LA_0086,train,ASVspoof2019_LA,ASVspoof2019.LA.cm.train.trn.txt
LA_T_8173514.flac,0,REAL,LA_0081,train,ASVspoof2019_LA,ASVspoof2019.LA.cm.train.trn.txt
LA_T_7894716.flac,1,FAKE,LA_0098,train,ASVspoof2019_LA,ASVspoof2019.LA.cm.train.trn.txt
LA_T_3054838.flac,1,FAKE,LA_0082,train,ASVspoof2019_LA,ASVspoof2019.LA.cm.train.trn.txt
LA_T_2508565.flac,0,REAL,LA_0093,train,ASVspoof2019_LA,ASVspoof2019.LA.cm.train.trn.txt
LA_T_5282193.flac,1,FAKE,LA_0088,train,ASVspoof2019_LA,ASVspoof2019.LA.cm.train.trn.txt
LA_T_7974928.flac,1,FAKE,LA_0092,train,ASVspoof2019_LA,ASVspoof2019.LA.cm.train.trn.txt
LA_T_3365001.flac,0,REAL,LA_0085,train,ASVspoof2019_LA,ASVspoof2019.LA.cm.train.trn.txt
LA_T_5832521.flac,1,FAKE,LA_0093,train,ASVspoof2019_LA,ASVspoof2019.LA.cm.train.trn.txt
LA_T_4591528.flac,0,REAL,LA_0083,train,ASVspoof2019_LA,ASVspoof2019.LA.cm.train.trn.txt
LA_T_5752277.flac,1,FAKE,LA_0090,train,ASVspoof2019_LA,ASVspoof2019.LA.cm.train.trn.txt
LA_T_6452398.flac,1,FAKE,LA_0097,train,ASVspoof2019_LA,ASVspoof2019.LA.cm.train.trn.txt
LA_T_7815754.flac,0,REAL,LA_0082,train,ASVspoof2019_LA,ASVspoof2019.LA.cm.train.trn.txt
LA_T_3843638.flac,0,REAL,LA_0083,train,ASVspoof2019_LA,ASVspoof2019.LA.cm.train.trn.txt
LA_T_4568066.flac,1,FAKE,LA_0097,train,ASVspoof2019_LA,ASVspoof2019.LA.cm.train.trn.txt
LA_T_1471299.flac,1,FAKE,LA_0094,train,ASVspoof2019_LA,ASVspoof2019.LA.cm.train.trn.txt
LA_T_5192352.flac,1,FAKE,LA_0090,train,ASVspoof2019_LA,ASVspoof2019.LA.cm.train.trn.txt
LA_T_1591810.flac,0,REAL,LA_0096,train,ASVspoof2019_LA,ASVspoof2019.LA.cm.train.trn.txt
LA_T_3131990.flac,0,REAL,LA_0079,train,ASVspoof2019_LA,ASVspoof2019.LA.cm.train.trn.txt
LA_T_3108269.flac,0,REAL,LA_0080,train,ASVspoof2019_LA,ASVspoof2019.LA.cm.train.trn.txt
LA_T_6957393.flac,0,REAL,LA_0080,train,ASVspoof2019_LA,ASVspoof2019.LA.cm.train.trn.txt
LA_T_5815225.flac,1,FAKE,LA_0093,train,ASVspoof2019_LA,ASVspoof2019.LA.cm.train.trn.txt
LA_T_5513894.flac,1,FAKE,LA_0094,train,ASVspoof2019_LA,ASVspoof2019.LA.cm.train.trn.txt
LA_T_3686008.flac,0,REAL,LA_0085,train,ASVspoof2019_LA,ASVspoof2019.LA.cm.train.trn.txt
LA_T_3449995.flac,0,REAL,LA_0088,train,ASVspoof2019_LA,ASVspoof2019.LA.cm.train.trn.txt
LA_T_4873700.flac,1,FAKE,LA_0086,train,ASVspoof2019_LA,ASVspoof2019.LA.cm.train.trn.txt
LA_T_6749249.flac,1,FAKE,LA_0084,train,ASVspoof2019_LA,ASVspoof2019.LA.cm.train.trn.txt
LA_T_9574610.flac,1,FAKE,LA_0097,train,ASVspoof2019_LA,ASVspoof2019.LA.cm.train.trn.txt
LA_T_7754596.flac,1,FAKE,LA_0086,train,ASVspoof2019_LA,ASVspoof2019.LA.cm.train.trn.txt
LA_T_2803206.flac,1,FAKE,LA_0082,train,ASVspoof2019_LA,ASVspoof2019.LA.cm.train.trn.txt
LA_T_9860705.flac,1,FAKE,LA_0095,train,ASVspoof2019_LA,ASVspoof2019.LA.cm.train.trn.txt
LA_T_6811096.flac,1,FAKE,LA_0091,train,ASVspoof2019_LA,ASVspoof2019.LA.cm.train.trn.txt
LA_T_6111496.flac,1,FAKE,LA_0098,train,ASVspoof2019_LA,ASVspoof2019.LA.cm.train.trn.txt
LA_T_6834916.flac,1,FAKE,LA_0088,train,ASVspoof2019_LA,ASVspoof2019.LA.cm.train.trn.txt
LA_T_7895665.flac,1,FAKE,LA_0082,train,ASVspoof2019_LA,ASVspoof2019.LA.cm.train.trn.txt
LA_T_9108679.flac,1,FAKE,LA_0085,train,ASVspoof2019_LA,ASVspoof2019.LA.cm.train.trn.txt
LA_T_8059828.flac,1,FAKE,LA_0085,train,ASVspoof2019_LA,ASVspoof2019.LA.cm.train.trn.txt
LA_T_9056284.flac,1,FAKE,LA_0089,train,ASVspoof2019_LA,ASVspoof2019.LA.cm.train.trn.txt
LA_T_4382452.flac,1,FAKE,LA_0098,train,ASVspoof2019_LA,ASVspoof2019.LA.cm.train.trn.txt
LA_T_8925615.flac,0,REAL,LA_0096,train,ASVspoof2019_LA,ASVspoof2019.LA.cm.train.trn.txt
LA_T_2435826.flac,0,REAL,LA_0085,train,ASVspoof2019_LA,ASVspoof2019.LA.cm.train.trn.txt
LA_T_9342202.flac,1,FAKE,LA_0098,train,ASVspoof2019_LA,ASVspoof2019.LA.cm.train.trn.txt
LA_T_5463606.flac,0,REAL,LA_0098,train,ASVspoof2019_LA,ASVspoof2019.LA.cm.train.trn.txt
LA_T_9851170.flac,1,FAKE,LA_0086,train,ASVspoof2019_LA,ASVspoof2019.LA.cm.train.trn.txt
LA_T_9593260.flac,0,REAL,LA_0084,train,ASVspoof2019_LA,ASVspoof2019.LA.cm.train.trn.txt
LA_T_1839608.flac,1,FAKE,LA_0096,train,ASVspoof2019_LA,ASVspoof2019.LA.cm.train.trn.txt
LA_T_4667091.flac,0,REAL,LA_0083,train,ASVspoof2019_LA,ASVspoof2019.LA.cm.train.trn.txt
LA_T_4688550.flac,1,FAKE,LA_0082,train,ASVspoof2019_LA,ASVspoof2019.LA.cm.train.trn.txt
LA_T_6102460.flac,1,FAKE,LA_0087,train,ASVspoof2019_LA,ASVspoof2019.LA.cm.train.trn.txt
LA_T_2825698.flac,1,FAKE,LA_0093,train,ASVspoof2019_LA,ASVspoof2019.LA.cm.train.trn.txt
LA_T_4588130.flac,1,FAKE,LA_0080,train,ASVspoof2019_LA,ASVspoof2019.LA.cm.train.trn.txt
LA_T_3542059.flac,1,FAKE,LA_0089,train,ASVspoof2019_LA,ASVspoof2019.LA.cm.train.trn.txt
LA_T_9094529.flac,1,FAKE,LA_0091,train,ASVspoof2019_LA,ASVspoof2019.LA.cm.train.trn.txt
LA_T_6724576.flac,0,REAL,LA_0097,train,ASVspoof2019_LA,ASVspoof2019.LA.cm.train.trn.txt
LA_T_5557943.flac,1,FAKE,LA_0089,train,ASVspoof2019_LA,ASVspoof2019.LA.cm.train.trn.txt
LA_T_3967178.flac,0,REAL,LA_0089,train,ASVspoof2019_LA,ASVspoof2019.LA.cm.train.trn.txt
LA_T_6217036.flac,1,FAKE,LA_0092,train,ASVspoof2019_LA,ASVspoof2019.LA.cm.train.trn.txt
LA_T_9752029.flac,1,FAKE,LA_0079,train,ASVspoof2019_LA,ASVspoof2019.LA.cm.train.trn.txt
LA_T_1340352.flac,1,FAKE,LA_0083,train,ASVspoof2019_LA,ASVspoof2019.LA.cm.train.trn.txt
LA_T_1441999.flac,0,REAL,LA_0081,train,ASVspoof2019_LA,ASVspoof2019.LA.cm.train.trn.txt
LA_T_1711356.flac,1,FAKE,LA_0090,train,ASVspoof2019_LA,ASVspoof2019.LA.cm.train.trn.txt
LA_T_1890316.flac,1,FAKE,LA_0083,train,ASVspoof2019_LA,ASVspoof2019.LA.cm.train.trn.txt
LA_T_9737995.flac,0,REAL,LA_0098,train,ASVspoof2019_LA,ASVspoof2019.LA.cm.train.trn.txt
LA_T_3208992.flac,0,REAL,LA_0082,train,ASVspoof2019_LA,ASVspoof2019.LA.cm.train.trn.txt
LA_T_4535360.flac,1,FAKE,LA_0090,train,ASVspoof2019_LA,ASVspoof2019.LA.cm.train.trn.txt
LA_T_8344139.flac,0,REAL,LA_0081,train,ASVspoof2019_LA,ASVspoof2019.LA.cm.train.trn.txt
LA_T_6456372.flac,1,FAKE,LA_0097,train,ASVspoof2019_LA,ASVspoof2019.LA.cm.train.trn.txt
LA_T_9657051.flac,1,FAKE,LA_0079,train,ASVspoof2019_LA,ASVspoof2019.LA.cm.train.trn.txt
LA_T_5242457.flac,0,REAL,LA_0089,train,ASVspoof2019_LA,ASVspoof2019.LA.cm.train.trn.txt
LA_T_5362691.flac,0,REAL,LA_0086,train,ASVspoof2019_LA,ASVspoof2019.LA.cm.train.trn.txt
LA_T_1246271.flac,1,FAKE,LA_0093,train,ASVspoof2019_LA,ASVspoof2019.LA.cm.train.trn.txt
LA_T_2582329.flac,1,FAKE,LA_0084,train,ASVspoof2019_LA,ASVspoof2019.LA.cm.train.trn.txt
LA_T_5011648.flac,1,FAKE,LA_0090,train,ASVspoof2019_LA,ASVspoof2019.LA.cm.train.trn.txt
LA_T_7081724.flac,1,FAKE,LA_0084,train,ASVspoof2019_LA,ASVspoof2019.LA.cm.train.trn.txt
LA_T_6912074.flac,1,FAKE,LA_0092,train,ASVspoof2019_LA,ASVspoof2019.LA.cm.train.trn.txt
LA_T_6823968.flac,1,FAKE,LA_0079,train,ASVspoof2019_LA,ASVspoof2019.LA.cm.train.trn.txt
LA_T_8561206.flac,1,FAKE,LA_0096,train,ASVspoof2019_LA,ASVspoof2019.LA.cm.train.trn.txt
LA_T_2335971.flac,1,FAKE,LA_0094,train,ASVspoof2019_LA,ASVspoof2019.LA.cm.train.trn.txt
LA_T_2707835.flac,0,REAL,LA_0088,train,ASVspoof2019_LA,ASVspoof2019.LA.cm.train.trn.txt
LA_T_2673155.flac,1,FAKE,LA_0081,train,ASVspoof2019_LA,ASVspoof2019.LA.cm.train.trn.txt
LA_T_4032705.flac,1,FAKE,LA_0079,train,ASVspoof2019_LA,ASVspoof2019.LA.cm.train.trn.txt
LA_T_5447517.flac,1,FAKE,LA_0086,train,ASVspoof2019_LA,ASVspoof2019.LA.cm.train.trn.txt
LA_T_1573354.flac,0,REAL,LA_0089,train,ASVspoof2019_LA,ASVspoof2019.LA.cm.train.trn.txt
LA_T_6942847.flac,1,FAKE,LA_0083,train,ASVspoof2019_LA,ASVspoof2019.LA.cm.train.trn.txt
LA_T_8651978.flac,0,REAL,LA_0087,train,ASVspoof2019_LA,ASVspoof2019.LA.cm.train.trn.txt
LA_T_5065316.flac,0,REAL,LA_0092,train,ASVspoof2019_LA,ASVspoof2019.LA.cm.train.trn.txt
LA_T_3310413.flac,1,FAKE,LA_0080,train,ASVspoof2019_LA,ASVspoof2019.LA.cm.train.trn.txt
LA_T_1975290.flac,1,FAKE,LA_0094,train,ASVspoof2019_LA,ASVspoof2019.LA.cm.train.trn.txt
LA_T_6630920.flac,0,REAL,LA_0088,train,ASVspoof2019_LA,ASVspoof2019.LA.cm.train.trn.txt
LA_T_1023546.flac,0,REAL,LA_0085,train,ASVspoof2019_LA,ASVspoof2019.LA.cm.train.trn.txt
LA_T_4362109.flac,0,REAL,LA_0079,train,ASVspoof2019_LA,ASVspoof2019.LA.cm.train.trn.txt
LA_T_1691041.flac,1,FAKE,LA_0080,train,ASVspoof2019_LA,ASVspoof2019.LA.cm.train.trn.txt
LA_T_6496177.flac,0,REAL,LA_0082,train,ASVspoof2019_LA,ASVspoof2019.LA.cm.train.trn.txt
LA_T_6078773.flac,0,REAL,LA_0082,train,ASVspoof2019_LA,ASVspoof2019.LA.cm.train.trn.txt
LA_T_9437969.flac,1,FAKE,LA_0097,train,ASVspoof2019_LA,ASVspoof2019.LA.cm.train.trn.txt
LA_T_5307856.flac,0,REAL,LA_0097,train,ASVspoof2019_LA,ASVspoof2019.LA.cm.train.trn.txt
LA_T_7144134.flac,0,REAL,LA_0085,train,ASVspoof2019_LA,ASVspoof2019.LA.cm.train.trn.txt
LA_T_9460886.flac,0,REAL,LA_0089,train,ASVspoof2019_LA,ASVspoof2019.LA.cm.train.trn.txt
LA_T_3875936.flac,1,FAKE,LA_0083,train,ASVspoof2019_LA,ASVspoof2019.LA.cm.train.trn.txt
LA_T_4638884.flac,0,REAL,LA_0082,train,ASVspoof2019_LA,ASVspoof2019.LA.cm.train.trn.txt
LA_T_6838646.flac,1,FAKE,LA_0089,train,ASVspoof2019_LA,ASVspoof2019.LA.cm.train.trn.txt
LA_T_6799312.flac,0,REAL,LA_0083,train,ASVspoof2019_LA,ASVspoof2019.LA.cm.train.trn.txt
LA_T_5326968.flac,0,REAL,LA_0093,train,ASVspoof2019_LA,ASVspoof2019.LA.cm.train.trn.txt
LA_T_6105178.flac,0,REAL,LA_0079,train,ASVspoof2019_LA,ASVspoof2019.LA.cm.train.trn.txt
LA_T_7084634.flac,0,REAL,LA_0089,train,ASVspoof2019_LA,ASVspoof2019.LA.cm.train.trn.txt
LA_T_2307363.flac,1,FAKE,LA_0092,train,ASVspoof2019_LA,ASVspoof2019.LA.cm.train.trn.txt
LA_T_7467165.flac,0,REAL,LA_0094,train,ASVspoof2019_LA,ASVspoof2019.LA.cm.train.trn.txt
LA_T_9746955.flac,1,FAKE,LA_0096,train,ASVspoof2019_LA,ASVspoof2019.LA.cm.train.trn.txt
LA_T_2667116.flac,1,FAKE,LA_0093,train,ASVspoof2019_LA,ASVspoof2019.LA.cm.train.trn.txt
LA_T_7519509.flac,1,FAKE,LA_0083,train,ASVspoof2019_LA,ASVspoof2019.LA.cm.train.trn.txt
LA_T_3776802.flac,1,FAKE,LA_0093,train,ASVspoof2019_LA,ASVspoof2019.LA.cm.train.trn.txt
LA_T_7223058.flac,0,REAL,LA_0095,train,ASVspoof2019_LA,ASVspoof2019.LA.cm.train.trn.txt
LA_T_9914466.flac,1,FAKE,LA_0089,train,ASVspoof2019_LA,ASVspoof2019.LA.cm.train.trn.txt
LA_T_5314492.flac,0,REAL,LA_0088,train,ASVspoof2019_LA,ASVspoof2019.LA.cm.train.trn.txt
LA_T_7450091.flac,0,REAL,LA_0080,train,ASVspoof2019_LA,ASVspoof2019.LA.cm.train.trn.txt
LA_T_7075102.flac,0,REAL,LA_0081,train,ASVspoof2019_LA,ASVspoof2019.LA.cm.train.trn.txt
LA_T_3913974.flac,0,REAL,LA_0098,train,ASVspoof2019_LA,ASVspoof2019.LA.cm.train.trn.txt
LA_T_3264613.flac,0,REAL,LA_0086,train,ASVspoof2019_LA,ASVspoof2019.LA.cm.train.trn.txt
LA_T_8683526.flac,0,REAL,LA_0080,train,ASVspoof2019_LA,ASVspoof2019.LA.cm.train.trn.txt
LA_T_3703217.flac,1,FAKE,LA_0089,train,ASVspoof2019_LA,ASVspoof2019.LA.cm.train.trn.txt
LA_T_5364220.flac,0,REAL,LA_0096,train,ASVspoof2019_LA,ASVspoof2019.LA.cm.train.trn.txt
LA_T_4328032.flac,1,FAKE,LA_0095,train,ASVspoof2019_LA,ASVspoof2019.LA.cm.train.trn.txt
LA_T_3680444.flac,0,REAL,LA_0096,train,ASVspoof2019_LA,ASVspoof2019.LA.cm.train.trn.txt
LA_T_1245548.flac,1,FAKE,LA_0093,train,ASVspoof2019_LA,ASVspoof2019.LA.cm.train.trn.txt
LA_T_1630368.flac,0,REAL,LA_0095,train,ASVspoof2019_LA,ASVspoof2019.LA.cm.train.trn.txt
LA_T_2163520.flac,1,FAKE,LA_0088,train,ASVspoof2019_LA,ASVspoof2019.LA.cm.train.trn.txt
LA_T_3349312.flac,1,FAKE,LA_0093,train,ASVspoof2019_LA,ASVspoof2019.LA.cm.train.trn.txt
LA_T_8404339.flac,1,FAKE,LA_0080,train,ASVspoof2019_LA,ASVspoof2019.LA.cm.train.trn.txt
LA_T_5866152.flac,0,REAL,LA_0095,train,ASVspoof2019_LA,ASVspoof2019.LA.cm.train.trn.txt
LA_T_9460006.flac,1,FAKE,LA_0097,train,ASVspoof2019_LA,ASVspoof2019.LA.cm.train.trn.txt
LA_T_6017121.flac,0,REAL,LA_0089,train,ASVspoof2019_LA,ASVspoof2019.LA.cm.train.trn.txt
LA_T_3678196.flac,1,FAKE,LA_0091,train,ASVspoof2019_LA,ASVspoof2019.LA.cm.train.trn.txt
LA_T_3119779.flac,0,REAL,LA_0082,train,ASVspoof2019_LA,ASVspoof2019.LA.cm.train.trn.txt
LA_T_2862832.flac,0,REAL,LA_0097,train,ASVspoof2019_LA,ASVspoof2019.LA.cm.train.trn.txt
LA_T_7530081.flac,1,FAKE,LA_0097,train,ASVspoof2019_LA,ASVspoof2019.LA.cm.train.trn.txt
LA_T_8257800.flac,1,FAKE,LA_0079,train,ASVspoof2019_LA,ASVspoof2019.LA.cm.train.trn.txt
LA_T_4840824.flac,1,FAKE,LA_0084,train,ASVspoof2019_LA,ASVspoof2019.LA.cm.train.trn.txt
LA_T_3692595.flac,0,REAL,LA_0096,train,ASVspoof2019_LA,ASVspoof2019.LA.cm.train.trn.txt
LA_T_6119283.flac,0,REAL,LA_0087,train,ASVspoof2019_LA,ASVspoof2019.LA.cm.train.trn.txt
LA_T_3560086.flac,0,REAL,LA_0095,train,ASVspoof2019_LA,ASVspoof2019.LA.cm.train.trn.txt
LA_T_5865525.flac,1,FAKE,LA_0090,train,ASVspoof2019_LA,ASVspoof2019.LA.cm.train.trn.txt
LA_T_1736329.flac,1,FAKE,LA_0080,train,ASVspoof2019_LA,ASVspoof2019.LA.cm.train.trn.txt
LA_T_5688847.flac,0,REAL,LA_0094,train,ASVspoof2019_LA,ASVspoof2019.LA.cm.train.trn.txt
LA_T_7113022.flac,1,FAKE,LA_0089,train,ASVspoof2019_LA,ASVspoof2019.LA.cm.train.trn.txt
LA_T_6632006.flac,0,REAL,LA_0082,train,ASVspoof2019_LA,ASVspoof2019.LA.cm.train.trn.txt
LA_T_3867285.flac,1,FAKE,LA_0085,train,ASVspoof2019_LA,ASVspoof2019.LA.cm.train.trn.txt
LA_T_3724808.flac,1,FAKE,LA_0092,train,ASVspoof2019_LA,ASVspoof2019.LA.cm.train.trn.txt
LA_T_3772667.flac,0,REAL,LA_0080,train,ASVspoof2019_LA,ASVspoof2019.LA.cm.train.trn.txt
LA_T_6866302.flac,1,FAKE,LA_0092,train,ASVspoof2019_LA,ASVspoof2019.LA.cm.train.trn.txt
LA_T_4881506.flac,0,REAL,LA_0091,train,ASVspoof2019_LA,ASVspoof2019.LA.cm.train.trn.txt
LA_T_2948101.flac,0,REAL,LA_0097,train,ASVspoof2019_LA,ASVspoof2019.LA.cm.train.trn.txt
LA_T_9567605.flac,1,FAKE,LA_0080,train,ASVspoof2019_LA,ASVspoof2019.LA.cm.train.trn.txt
LA_T_5970580.flac,1,FAKE,LA_0091,train,ASVspoof2019_LA,ASVspoof2019.LA.cm.train.trn.txt
LA_T_2369027.flac,1,FAKE,LA_0087,train,ASVspoof2019_LA,ASVspoof2019.LA.cm.train.trn.txt
LA_T_6093991.flac,0,REAL,LA_0096,train,ASVspoof2019_LA,ASVspoof2019.LA.cm.train.trn.txt
LA_T_6856715.flac,0,REAL,LA_0080,train,ASVspoof2019_LA,ASVspoof2019.LA.cm.train.trn.txt
LA_T_4176612.flac,0,REAL,LA_0080,train,ASVspoof2019_LA,ASVspoof2019.LA.cm.train.trn.txt
LA_T_4384905.flac,1,FAKE,LA_0085,train,ASVspoof2019_LA,ASVspoof2019.LA.cm.train.trn.txt
LA_T_5054337.flac,1,FAKE,LA_0086,train,ASVspoof2019_LA,ASVspoof2019.LA.cm.train.trn.txt
LA_T_3237001.flac,0,REAL,LA_0098,train,ASVspoof2019_LA,ASVspoof2019.LA.cm.train.trn.txt
LA_T_6774634.flac,0,REAL,LA_0081,train,ASVspoof2019_LA,ASVspoof2019.LA.cm.train.trn.txt
LA_T_3517869.flac,0,REAL,LA_0094,train,ASVspoof2019_LA,ASVspoof2019.LA.cm.train.trn.txt
LA_T_5399126.flac,0,REAL,LA_0080,train,ASVspoof2019_LA,ASVspoof2019.LA.cm.train.trn.txt
LA_T_1623473.flac,0,REAL,LA_0082,train,ASVspoof2019_LA,ASVspoof2019.LA.cm.train.trn.txt
LA_T_9935715.flac,1,FAKE,LA_0096,train,ASVspoof2019_LA,ASVspoof2019.LA.cm.train.trn.txt
LA_T_5299003.flac,1,FAKE,LA_0089,train,ASVspoof2019_LA,ASVspoof2019.LA.cm.train.trn.txt
LA_T_9573877.flac,0,REAL,LA_0089,train,ASVspoof2019_LA,ASVspoof2019.LA.cm.train.trn.txt
LA_T_8502821.flac,1,FAKE,LA_0090,train,ASVspoof2019_LA,ASVspoof2019.LA.cm.train.trn.txt
LA_T_4678612.flac,0,REAL,LA_0083,train,ASVspoof2019_LA,ASVspoof2019.LA.cm.train.trn.txt
LA_T_1744427.flac,0,REAL,LA_0091,train,ASVspoof2019_LA,ASVspoof2019.LA.cm.train.trn.txt
LA_T_2993376.flac,0,REAL,LA_0089,train,ASVspoof2019_LA,ASVspoof2019.LA.cm.train.trn.txt
LA_T_7670531.flac,1,FAKE,LA_0084,train,ASVspoof2019_LA,ASVspoof2019.LA.cm.train.trn.txt
LA_T_4900136.flac,0,REAL,LA_0088,train,ASVspoof2019_LA,ASVspoof2019.LA.cm.train.trn.txt
LA_T_1406835.flac,0,REAL,LA_0094,train,ASVspoof2019_LA,ASVspoof2019.LA.cm.train.trn.txt
LA_T_1307755.flac,0,REAL,LA_0088,train,ASVspoof2019_LA,ASVspoof2019.LA.cm.train.trn.txt
LA_T_1385141.flac,1,FAKE,LA_0092,train,ASVspoof2019_LA,ASVspoof2019.LA.cm.train.trn.txt
LA_T_2999094.flac,1,FAKE,LA_0092,train,ASVspoof2019_LA,ASVspoof2019.LA.cm.train.trn.txt
LA_T_9754738.flac,1,FAKE,LA_0098,train,ASVspoof2019_LA,ASVspoof2019.LA.cm.train.trn.txt
LA_T_8249746.flac,1,FAKE,LA_0098,train,ASVspoof2019_LA,ASVspoof2019.LA.cm.train.trn.txt
LA_T_4298489.flac,0,REAL,LA_0086,train,ASVspoof2019_LA,ASVspoof2019.LA.cm.train.trn.txt
LA_T_9460337.flac,1,FAKE,LA_0093,train,ASVspoof2019_LA,ASVspoof2019.LA.cm.train.trn.txt
LA_T_8367117.flac,1,FAKE,LA_0098,train,ASVspoof2019_LA,ASVspoof2019.LA.cm.train.trn.txt
LA_T_5035337.flac,1,FAKE,LA_0086,train,ASVspoof2019_LA,ASVspoof2019.LA.cm.train.trn.txt
LA_T_1151332.flac,0,REAL,LA_0081,train,ASVspoof2019_LA,ASVspoof2019.LA.cm.train.trn.txt
LA_T_4844815.flac,1,FAKE,LA_0080,train,ASVspoof2019_LA,ASVspoof2019.LA.cm.train.trn.txt
LA_T_6931675.flac,1,FAKE,LA_0094,train,ASVspoof2019_LA,ASVspoof2019.LA.cm.train.trn.txt
LA_T_4562769.flac,1,FAKE,LA_0097,train,ASVspoof2019_LA,ASVspoof2019.LA.cm.train.trn.txt
LA_T_3950907.flac,1,FAKE,LA_0086,train,ASVspoof2019_LA,ASVspoof2019.LA.cm.train.trn.txt
LA_T_3626619.flac,0,REAL,LA_0080,train,ASVspoof2019_LA,ASVspoof2019.LA.cm.train.trn.txt
LA_T_2176073.flac,1,FAKE,LA_0084,train,ASVspoof2019_LA,ASVspoof2019.LA.cm.train.trn.txt
LA_T_3247320.flac,1,FAKE,LA_0089,train,ASVspoof2019_LA,ASVspoof2019.LA.cm.train.trn.txt
LA_T_2698001.flac,0,REAL,LA_0080,train,ASVspoof2019_LA,ASVspoof2019.LA.cm.train.trn.txt
LA_T_1888093.flac,1,FAKE,LA_0081,train,ASVspoof2019_LA,ASVspoof2019.LA.cm.train.trn.txt
LA_T_1929428.flac,1,FAKE,LA_0097,train,ASVspoof2019_LA,ASVspoof2019.LA.cm.train.trn.txt
LA_T_7121055.flac,0,REAL,LA_0088,train,ASVspoof2019_LA,ASVspoof2019.LA.cm.train.trn.txt
LA_T_4400047.flac,0,REAL,LA_0091,train,ASVspoof2019_LA,ASVspoof2019.LA.cm.train.trn.txt
LA_T_9969841.flac,1,FAKE,LA_0096,train,ASVspoof2019_LA,ASVspoof2019.LA.cm.train.trn.txt
LA_T_2494214.flac,1,FAKE,LA_0082,train,ASVspoof2019_LA,ASVspoof2019.LA.cm.train.trn.txt
LA_T_2265176.flac,1,FAKE,LA_0096,train,ASVspoof2019_LA,ASVspoof2019.LA.cm.train.trn.txt
LA_T_1646676.flac,0,REAL,LA_0088,train,ASVspoof2019_LA,ASVspoof2019.LA.cm.train.trn.txt
LA_T_4290789.flac,0,REAL,LA_0089,train,ASVspoof2019_LA,ASVspoof2019.LA.cm.train.trn.txt
LA_T_4456087.flac,0,REAL,LA_0094,train,ASVspoof2019_LA,ASVspoof2019.LA.cm.train.trn.txt
LA_T_4245794.flac,0,REAL,LA_0095,train,ASVspoof2019_LA,ASVspoof2019.LA.cm.train.trn.txt
LA_T_6212674.flac,0,REAL,LA_0089,train,ASVspoof2019_LA,ASVspoof2019.LA.cm.train.trn.txt
LA_T_1483721.flac,0,REAL,LA_0084,train,ASVspoof2019_LA,ASVspoof2019.LA.cm.train.trn.txt
LA_T_6415088.flac,1,FAKE,LA_0080,train,ASVspoof2019_LA,ASVspoof2019.LA.cm.train.trn.txt
LA_T_4654973.flac,0,REAL,LA_0096,train,ASVspoof2019_LA,ASVspoof2019.LA.cm.train.trn.txt
LA_T_5547883.flac,0,REAL,LA_0093,train,ASVspoof2019_LA,ASVspoof2019.LA.cm.train.trn.txt
LA_T_9663428.flac,1,FAKE,LA_0095,train,ASVspoof2019_LA,ASVspoof2019.LA.cm.train.trn.txt
LA_T_5866595.flac,0,REAL,LA_0080,train,ASVspoof2019_LA,ASVspoof2019.LA.cm.train.trn.txt
LA_T_2618051.flac,0,REAL,LA_0082,train,ASVspoof2019_LA,ASVspoof2019.LA.cm.train.trn.txt
LA_T_4356490.flac,0,REAL,LA_0080,train,ASVspoof2019_LA,ASVspoof2019.LA.cm.train.trn.txt
LA_T_5970939.flac,1,FAKE,LA_0079,train,ASVspoof2019_LA,ASVspoof2019.LA.cm.train.trn.txt
LA_T_1947138.flac,0,REAL,LA_0091,train,ASVspoof2019_LA,ASVspoof2019.LA.cm.train.trn.txt
LA_T_3695313.flac,1,FAKE,LA_0090,train,ASVspoof2019_LA,ASVspoof2019.LA.cm.train.trn.txt
LA_T_2175978.flac,0,REAL,LA_0097,train,ASVspoof2019_LA,ASVspoof2019.LA.cm.train.trn.txt
LA_T_7755568.flac,1,FAKE,LA_0080,train,ASVspoof2019_LA,ASVspoof2019.LA.cm.train.trn.txt
LA_T_7844981.flac,1,FAKE,LA_0094,train,ASVspoof2019_LA,ASVspoof2019.LA.cm.train.trn.txt
LA_T_8898922.flac,0,REAL,LA_0087,train,ASVspoof2019_LA,ASVspoof2019.LA.cm.train.trn.txt
LA_T_2802903.flac,0,REAL,LA_0094,train,ASVspoof2019_LA,ASVspoof2019.LA.cm.train.trn.txt
LA_T_9213454.flac,0,REAL,LA_0081,train,ASVspoof2019_LA,ASVspoof2019.LA.cm.train.trn.txt
LA_T_1853533.flac,0,REAL,LA_0092,train,ASVspoof2019_LA,ASVspoof2019.LA.cm.train.trn.txt
LA_T_6554775.flac,0,REAL,LA_0082,train,ASVspoof2019_LA,ASVspoof2019.LA.cm.train.trn.txt
LA_T_9110555.flac,0,REAL,LA_0091,train,ASVspoof2019_LA,ASVspoof2019.LA.cm.train.trn.txt
LA_T_1369507.flac,0,REAL,LA_0094,train,ASVspoof2019_LA,ASVspoof2019.LA.cm.train.trn.txt
LA_T_8955767.flac,0,REAL,LA_0089,train,ASVspoof2019_LA,ASVspoof2019.LA.cm.train.trn.txt
LA_T_8574954.flac,1,FAKE,LA_0085,train,ASVspoof2019_LA,ASVspoof2019.LA.cm.train.trn.txt
LA_T_8388870.flac,0,REAL,LA_0081,train,ASVspoof2019_LA,ASVspoof2019.LA.cm.train.trn.txt
LA_T_1464847.flac,1,FAKE,LA_0079,train,ASVspoof2019_LA,ASVspoof2019.LA.cm.train.trn.txt
LA_T_8172146.flac,0,REAL,LA_0089,train,ASVspoof2019_LA,ASVspoof2019.LA.cm.train.trn.txt
LA_T_4263726.flac,0,REAL,LA_0095,train,ASVspoof2019_LA,ASVspoof2019.LA.cm.train.trn.txt
LA_T_3059635.flac,0,REAL,LA_0083,train,ASVspoof2019_LA,ASVspoof2019.LA.cm.train.trn.txt
LA_T_1147364.flac,1,FAKE,LA_0087,train,ASVspoof2019_LA,ASVspoof2019.LA.cm.train.trn.txt
LA_T_8086364.flac,0,REAL,LA_0080,train,ASVspoof2019_LA,ASVspoof2019.LA.cm.train.trn.txt
LA_T_4615562.flac,0,REAL,LA_0085,train,ASVspoof2019_LA,ASVspoof2019.LA.cm.train.trn.txt
