filename,original_filename,phone_filename,label,class_name,speaker_id,split,dataset,condition
LA_E_9823009_phone_segment_001.wav,LA_E_9823009.flac,LA_E_9823009_phone.wav,0,REAL,LA_0026,test,ASVspoof2019_LA,phone_like
LA_E_9823009_phone_segment_002.wav,LA_E_9823009.flac,LA_E_9823009_phone.wav,0,REAL,LA_0026,test,ASVspoof2019_LA,phone_like
LA_E_7369736_phone_segment_001.wav,LA_E_7369736.flac,LA_E_7369736_phone.wav,0,REAL,LA_0011,test,ASVspoof2019_LA,phone_like
LA_E_7369736_phone_segment_002.wav,LA_E_7369736.flac,LA_E_7369736_phone.wav,0,REAL,LA_0011,test,ASVspoof2019_LA,phone_like
LA_E_9954768_phone_segment_001.wav,LA_E_9954768.flac,LA_E_9954768_phone.wav,0,REAL,LA_0049,test,ASVspoof2019_LA,phone_like
LA_E_1120396_phone_segment_001.wav,LA_E_1120396.flac,LA_E_1120396_phone.wav,1,FAKE,LA_0037,test,ASVspoof2019_LA,phone_like
LA_E_1120396_phone_segment_002.wav,LA_E_1120396.flac,LA_E_1120396_phone.wav,1,FAKE,LA_0037,test,ASVspoof2019_LA,phone_like
LA_E_6936076_phone_segment_001.wav,LA_E_6936076.flac,LA_E_6936076_phone.wav,1,FAKE,LA_0001,test,ASVspoof2019_LA,phone_like
LA_E_6936076_phone_segment_002.wav,LA_E_6936076.flac,LA_E_6936076_phone.wav,1,FAKE,LA_0001,test,ASVspoof2019_LA,phone_like
LA_E_6300618_phone_segment_001.wav,LA_E_6300618.flac,LA_E_6300618_phone.wav,1,FAKE,LA_0041,test,ASVspoof2019_LA,phone_like
LA_E_5906820_phone_segment_001.wav,LA_E_5906820.flac,LA_E_5906820_phone.wav,0,REAL,LA_0029,test,ASVspoof2019_LA,phone_like
LA_E_5906820_phone_segment_002.wav,LA_E_5906820.flac,LA_E_5906820_phone.wav,0,REAL,LA_0029,test,ASVspoof2019_LA,phone_like
LA_E_6279016_phone_segment_001.wav,LA_E_6279016.flac,LA_E_6279016_phone.wav,1,FAKE,LA_0006,test,ASVspoof2019_LA,phone_like
LA_E_5748987_phone_segment_001.wav,LA_E_5748987.flac,LA_E_5748987_phone.wav,1,FAKE,LA_0014,test,ASVspoof2019_LA,phone_like
LA_E_5748987_phone_segment_002.wav,LA_E_5748987.flac,LA_E_5748987_phone.wav,1,FAKE,LA_0014,test,ASVspoof2019_LA,phone_like
LA_E_6201385_phone_segment_001.wav,LA_E_6201385.flac,LA_E_6201385_phone.wav,0,REAL,LA_0029,test,ASVspoof2019_LA,phone_like
LA_E_6201385_phone_segment_002.wav,LA_E_6201385.flac,LA_E_6201385_phone.wav,0,REAL,LA_0029,test,ASVspoof2019_LA,phone_like
LA_E_9304032_phone_segment_001.wav,LA_E_9304032.flac,LA_E_9304032_phone.wav,0,REAL,LA_0030,test,ASVspoof2019_LA,phone_like
LA_E_9304032_phone_segment_002.wav,LA_E_9304032.flac,LA_E_9304032_phone.wav,0,REAL,LA_0030,test,ASVspoof2019_LA,phone_like
LA_E_6126706_phone_segment_001.wav,LA_E_6126706.flac,LA_E_6126706_phone.wav,1,FAKE,LA_0017,test,ASVspoof2019_LA,phone_like
LA_E_6126706_phone_segment_002.wav,LA_E_6126706.flac,LA_E_6126706_phone.wav,1,FAKE,LA_0017,test,ASVspoof2019_LA,phone_like
LA_E_6126706_phone_segment_003.wav,LA_E_6126706.flac,LA_E_6126706_phone.wav,1,FAKE,LA_0017,test,ASVspoof2019_LA,phone_like
LA_E_8551226_phone_segment_001.wav,LA_E_8551226.flac,LA_E_8551226_phone.wav,1,FAKE,LA_0047,test,ASVspoof2019_LA,phone_like
LA_E_8551226_phone_segment_002.wav,LA_E_8551226.flac,LA_E_8551226_phone.wav,1,FAKE,LA_0047,test,ASVspoof2019_LA,phone_like
LA_E_3788812_phone_segment_001.wav,LA_E_3788812.flac,LA_E_3788812_phone.wav,0,REAL,LA_0038,test,ASVspoof2019_LA,phone_like
LA_E_3788812_phone_segment_002.wav,LA_E_3788812.flac,LA_E_3788812_phone.wav,0,REAL,LA_0038,test,ASVspoof2019_LA,phone_like
LA_E_3788812_phone_segment_003.wav,LA_E_3788812.flac,LA_E_3788812_phone.wav,0,REAL,LA_0038,test,ASVspoof2019_LA,phone_like
LA_E_6021027_phone_segment_001.wav,LA_E_6021027.flac,LA_E_6021027_phone.wav,1,FAKE,LA_0043,test,ASVspoof2019_LA,phone_like
LA_E_8808068_phone_segment_001.wav,LA_E_8808068.flac,LA_E_8808068_phone.wav,1,FAKE,LA_0005,test,ASVspoof2019_LA,phone_like
LA_E_9415862_phone_segment_001.wav,LA_E_9415862.flac,LA_E_9415862_phone.wav,0,REAL,LA_0014,test,ASVspoof2019_LA,phone_like
LA_E_2342346_phone_segment_001.wav,LA_E_2342346.flac,LA_E_2342346_phone.wav,1,FAKE,LA_0014,test,ASVspoof2019_LA,phone_like
LA_E_9397715_phone_segment_001.wav,LA_E_9397715.flac,LA_E_9397715_phone.wav,0,REAL,LA_0058,test,ASVspoof2019_LA,phone_like
LA_E_9397715_phone_segment_002.wav,LA_E_9397715.flac,LA_E_9397715_phone.wav,0,REAL,LA_0058,test,ASVspoof2019_LA,phone_like
LA_E_6422459_phone_segment_001.wav,LA_E_6422459.flac,LA_E_6422459_phone.wav,0,REAL,LA_0023,test,ASVspoof2019_LA,phone_like
LA_E_7677282_phone_segment_001.wav,LA_E_7677282.flac,LA_E_7677282_phone.wav,1,FAKE,LA_0031,test,ASVspoof2019_LA,phone_like
LA_E_5479759_phone_segment_001.wav,LA_E_5479759.flac,LA_E_5479759_phone.wav,0,REAL,LA_0058,test,ASVspoof2019_LA,phone_like
LA_E_2434372_phone_segment_001.wav,LA_E_2434372.flac,LA_E_2434372_phone.wav,1,FAKE,LA_0002,test,ASVspoof2019_LA,phone_like
LA_E_2434372_phone_segment_002.wav,LA_E_2434372.flac,LA_E_2434372_phone.wav,1,FAKE,LA_0002,test,ASVspoof2019_LA,phone_like
LA_E_4724621_phone_segment_001.wav,LA_E_4724621.flac,LA_E_4724621_phone.wav,0,REAL,LA_0013,test,ASVspoof2019_LA,phone_like
LA_E_4724621_phone_segment_002.wav,LA_E_4724621.flac,LA_E_4724621_phone.wav,0,REAL,LA_0013,test,ASVspoof2019_LA,phone_like
LA_E_2541984_phone_segment_001.wav,LA_E_2541984.flac,LA_E_2541984_phone.wav,0,REAL,LA_0014,test,ASVspoof2019_LA,phone_like
LA_E_8319260_phone_segment_001.wav,LA_E_8319260.flac,LA_E_8319260_phone.wav,0,REAL,LA_0020,test,ASVspoof2019_LA,phone_like
LA_E_8319260_phone_segment_002.wav,LA_E_8319260.flac,LA_E_8319260_phone.wav,0,REAL,LA_0020,test,ASVspoof2019_LA,phone_like
LA_E_6709826_phone_segment_001.wav,LA_E_6709826.flac,LA_E_6709826_phone.wav,0,REAL,LA_0008,test,ASVspoof2019_LA,phone_like
LA_E_4007647_phone_segment_001.wav,LA_E_4007647.flac,LA_E_4007647_phone.wav,0,REAL,LA_0008,test,ASVspoof2019_LA,phone_like
LA_E_9648847_phone_segment_001.wav,LA_E_9648847.flac,LA_E_9648847_phone.wav,1,FAKE,LA_0012,test,ASVspoof2019_LA,phone_like
LA_E_4157205_phone_segment_001.wav,LA_E_4157205.flac,LA_E_4157205_phone.wav,1,FAKE,LA_0015,test,ASVspoof2019_LA,phone_like
LA_E_4157205_phone_segment_002.wav,LA_E_4157205.flac,LA_E_4157205_phone.wav,1,FAKE,LA_0015,test,ASVspoof2019_LA,phone_like
LA_E_4232439_phone_segment_001.wav,LA_E_4232439.flac,LA_E_4232439_phone.wav,0,REAL,LA_0046,test,ASVspoof2019_LA,phone_like
LA_E_4232439_phone_segment_002.wav,LA_E_4232439.flac,LA_E_4232439_phone.wav,0,REAL,LA_0046,test,ASVspoof2019_LA,phone_like
LA_E_7945785_phone_segment_001.wav,LA_E_7945785.flac,LA_E_7945785_phone.wav,0,REAL,LA_0001,test,ASVspoof2019_LA,phone_like
LA_E_7945785_phone_segment_002.wav,LA_E_7945785.flac,LA_E_7945785_phone.wav,0,REAL,LA_0001,test,ASVspoof2019_LA,phone_like
LA_E_6715486_phone_segment_001.wav,LA_E_6715486.flac,LA_E_6715486_phone.wav,0,REAL,LA_0005,test,ASVspoof2019_LA,phone_like
LA_E_7171505_phone_segment_001.wav,LA_E_7171505.flac,LA_E_7171505_phone.wav,0,REAL,LA_0009,test,ASVspoof2019_LA,phone_like
LA_E_7171505_phone_segment_002.wav,LA_E_7171505.flac,LA_E_7171505_phone.wav,0,REAL,LA_0009,test,ASVspoof2019_LA,phone_like
LA_E_3258852_phone_segment_001.wav,LA_E_3258852.flac,LA_E_3258852_phone.wav,1,FAKE,LA_0016,test,ASVspoof2019_LA,phone_like
LA_E_1251195_phone_segment_001.wav,LA_E_1251195.flac,LA_E_1251195_phone.wav,1,FAKE,LA_0006,test,ASVspoof2019_LA,phone_like
LA_E_2375508_phone_segment_001.wav,LA_E_2375508.flac,LA_E_2375508_phone.wav,1,FAKE,LA_0020,test,ASVspoof2019_LA,phone_like
LA_E_4408825_phone_segment_001.wav,LA_E_4408825.flac,LA_E_4408825_phone.wav,1,FAKE,LA_0004,test,ASVspoof2019_LA,phone_like
LA_E_8545192_phone_segment_001.wav,LA_E_8545192.flac,LA_E_8545192_phone.wav,1,FAKE,LA_0020,test,ASVspoof2019_LA,phone_like
LA_E_8762411_phone_segment_001.wav,LA_E_8762411.flac,LA_E_8762411_phone.wav,0,REAL,LA_0017,test,ASVspoof2019_LA,phone_like
LA_E_8762411_phone_segment_002.wav,LA_E_8762411.flac,LA_E_8762411_phone.wav,0,REAL,LA_0017,test,ASVspoof2019_LA,phone_like
LA_E_8659902_phone_segment_001.wav,LA_E_8659902.flac,LA_E_8659902_phone.wav,0,REAL,LA_0031,test,ASVspoof2019_LA,phone_like
LA_E_8659902_phone_segment_002.wav,LA_E_8659902.flac,LA_E_8659902_phone.wav,0,REAL,LA_0031,test,ASVspoof2019_LA,phone_like
LA_E_9789812_phone_segment_001.wav,LA_E_9789812.flac,LA_E_9789812_phone.wav,1,FAKE,LA_0042,test,ASVspoof2019_LA,phone_like
LA_E_1697236_phone_segment_001.wav,LA_E_1697236.flac,LA_E_1697236_phone.wav,0,REAL,LA_0039,test,ASVspoof2019_LA,phone_like
LA_E_8123735_phone_segment_001.wav,LA_E_8123735.flac,LA_E_8123735_phone.wav,0,REAL,LA_0035,test,ASVspoof2019_LA,phone_like
LA_E_3984224_phone_segment_001.wav,LA_E_3984224.flac,LA_E_3984224_phone.wav,1,FAKE,LA_0022,test,ASVspoof2019_LA,phone_like
LA_E_3984224_phone_segment_002.wav,LA_E_3984224.flac,LA_E_3984224_phone.wav,1,FAKE,LA_0022,test,ASVspoof2019_LA,phone_like
LA_E_6192712_phone_segment_001.wav,LA_E_6192712.flac,LA_E_6192712_phone.wav,1,FAKE,LA_0035,test,ASVspoof2019_LA,phone_like
LA_E_1125558_phone_segment_001.wav,LA_E_1125558.flac,LA_E_1125558_phone.wav,0,REAL,LA_0023,test,ASVspoof2019_LA,phone_like
LA_E_1125558_phone_segment_002.wav,LA_E_1125558.flac,LA_E_1125558_phone.wav,0,REAL,LA_0023,test,ASVspoof2019_LA,phone_like
LA_E_3623417_phone_segment_001.wav,LA_E_3623417.flac,LA_E_3623417_phone.wav,0,REAL,LA_0033,test,ASVspoof2019_LA,phone_like
LA_E_5921569_phone_segment_001.wav,LA_E_5921569.flac,LA_E_5921569_phone.wav,1,FAKE,LA_0017,test,ASVspoof2019_LA,phone_like
LA_E_5921569_phone_segment_002.wav,LA_E_5921569.flac,LA_E_5921569_phone.wav,1,FAKE,LA_0017,test,ASVspoof2019_LA,phone_like
LA_E_5921569_phone_segment_003.wav,LA_E_5921569.flac,LA_E_5921569_phone.wav,1,FAKE,LA_0017,test,ASVspoof2019_LA,phone_like
LA_E_9993329_phone_segment_001.wav,LA_E_9993329.flac,LA_E_9993329_phone.wav,0,REAL,LA_0014,test,ASVspoof2019_LA,phone_like
LA_E_5929285_phone_segment_001.wav,LA_E_5929285.flac,LA_E_5929285_phone.wav,1,FAKE,LA_0013,test,ASVspoof2019_LA,phone_like
LA_E_5929285_phone_segment_002.wav,LA_E_5929285.flac,LA_E_5929285_phone.wav,1,FAKE,LA_0013,test,ASVspoof2019_LA,phone_like
LA_E_5929285_phone_segment_003.wav,LA_E_5929285.flac,LA_E_5929285_phone.wav,1,FAKE,LA_0013,test,ASVspoof2019_LA,phone_like
LA_E_4120647_phone_segment_001.wav,LA_E_4120647.flac,LA_E_4120647_phone.wav,1,FAKE,LA_0046,test,ASVspoof2019_LA,phone_like
LA_E_4120647_phone_segment_002.wav,LA_E_4120647.flac,LA_E_4120647_phone.wav,1,FAKE,LA_0046,test,ASVspoof2019_LA,phone_like
LA_E_9050668_phone_segment_001.wav,LA_E_9050668.flac,LA_E_9050668_phone.wav,0,REAL,LA_0059,test,ASVspoof2019_LA,phone_like
LA_E_9050668_phone_segment_002.wav,LA_E_9050668.flac,LA_E_9050668_phone.wav,0,REAL,LA_0059,test,ASVspoof2019_LA,phone_like
LA_E_5862272_phone_segment_001.wav,LA_E_5862272.flac,LA_E_5862272_phone.wav,1,FAKE,LA_0033,test,ASVspoof2019_LA,phone_like
LA_E_5862272_phone_segment_002.wav,LA_E_5862272.flac,LA_E_5862272_phone.wav,1,FAKE,LA_0033,test,ASVspoof2019_LA,phone_like
LA_E_1839822_phone_segment_001.wav,LA_E_1839822.flac,LA_E_1839822_phone.wav,1,FAKE,LA_0002,test,ASVspoof2019_LA,phone_like
LA_E_1839822_phone_segment_002.wav,LA_E_1839822.flac,LA_E_1839822_phone.wav,1,FAKE,LA_0002,test,ASVspoof2019_LA,phone_like
LA_E_1839822_phone_segment_003.wav,LA_E_1839822.flac,LA_E_1839822_phone.wav,1,FAKE,LA_0002,test,ASVspoof2019_LA,phone_like
LA_E_8008613_phone_segment_001.wav,LA_E_8008613.flac,LA_E_8008613_phone.wav,0,REAL,LA_0024,test,ASVspoof2019_LA,phone_like
LA_E_8008613_phone_segment_002.wav,LA_E_8008613.flac,LA_E_8008613_phone.wav,0,REAL,LA_0024,test,ASVspoof2019_LA,phone_like
LA_E_7462205_phone_segment_001.wav,LA_E_7462205.flac,LA_E_7462205_phone.wav,1,FAKE,LA_0003,test,ASVspoof2019_LA,phone_like
LA_E_7462205_phone_segment_002.wav,LA_E_7462205.flac,LA_E_7462205_phone.wav,1,FAKE,LA_0003,test,ASVspoof2019_LA,phone_like
LA_E_2613546_phone_segment_001.wav,LA_E_2613546.flac,LA_E_2613546_phone.wav,0,REAL,LA_0011,test,ASVspoof2019_LA,phone_like
LA_E_2613546_phone_segment_002.wav,LA_E_2613546.flac,LA_E_2613546_phone.wav,0,REAL,LA_0011,test,ASVspoof2019_LA,phone_like
LA_E_9671924_phone_segment_001.wav,LA_E_9671924.flac,LA_E_9671924_phone.wav,1,FAKE,LA_0011,test,ASVspoof2019_LA,phone_like
LA_E_9671924_phone_segment_002.wav,LA_E_9671924.flac,LA_E_9671924_phone.wav,1,FAKE,LA_0011,test,ASVspoof2019_LA,phone_like
LA_E_9671924_phone_segment_003.wav,LA_E_9671924.flac,LA_E_9671924_phone.wav,1,FAKE,LA_0011,test,ASVspoof2019_LA,phone_like
LA_E_9879743_phone_segment_001.wav,LA_E_9879743.flac,LA_E_9879743_phone.wav,0,REAL,LA_0039,test,ASVspoof2019_LA,phone_like
LA_E_5422573_phone_segment_001.wav,LA_E_5422573.flac,LA_E_5422573_phone.wav,1,FAKE,LA_0020,test,ASVspoof2019_LA,phone_like
LA_E_5509548_phone_segment_001.wav,LA_E_5509548.flac,LA_E_5509548_phone.wav,0,REAL,LA_0026,test,ASVspoof2019_LA,phone_like
LA_E_1952883_phone_segment_001.wav,LA_E_1952883.flac,LA_E_1952883_phone.wav,0,REAL,LA_0031,test,ASVspoof2019_LA,phone_like
LA_E_2929931_phone_segment_001.wav,LA_E_2929931.flac,LA_E_2929931_phone.wav,0,REAL,LA_0012,test,ASVspoof2019_LA,phone_like
LA_E_7850213_phone_segment_001.wav,LA_E_7850213.flac,LA_E_7850213_phone.wav,0,REAL,LA_0047,test,ASVspoof2019_LA,phone_like
LA_E_1631584_phone_segment_001.wav,LA_E_1631584.flac,LA_E_1631584_phone.wav,1,FAKE,LA_0046,test,ASVspoof2019_LA,phone_like
LA_E_8445080_phone_segment_001.wav,LA_E_8445080.flac,LA_E_8445080_phone.wav,0,REAL,LA_0063,test,ASVspoof2019_LA,phone_like
LA_E_8445080_phone_segment_002.wav,LA_E_8445080.flac,LA_E_8445080_phone.wav,0,REAL,LA_0063,test,ASVspoof2019_LA,phone_like
LA_E_4007361_phone_segment_001.wav,LA_E_4007361.flac,LA_E_4007361_phone.wav,1,FAKE,LA_0035,test,ASVspoof2019_LA,phone_like
LA_E_2601033_phone_segment_001.wav,LA_E_2601033.flac,LA_E_2601033_phone.wav,0,REAL,LA_0026,test,ASVspoof2019_LA,phone_like
LA_E_2601033_phone_segment_002.wav,LA_E_2601033.flac,LA_E_2601033_phone.wav,0,REAL,LA_0026,test,ASVspoof2019_LA,phone_like
LA_E_8746865_phone_segment_001.wav,LA_E_8746865.flac,LA_E_8746865_phone.wav,1,FAKE,LA_0037,test,ASVspoof2019_LA,phone_like
LA_E_2400438_phone_segment_001.wav,LA_E_2400438.flac,LA_E_2400438_phone.wav,0,REAL,LA_0004,test,ASVspoof2019_LA,phone_like
LA_E_1359779_phone_segment_001.wav,LA_E_1359779.flac,LA_E_1359779_phone.wav,1,FAKE,LA_0017,test,ASVspoof2019_LA,phone_like
LA_E_1359779_phone_segment_002.wav,LA_E_1359779.flac,LA_E_1359779_phone.wav,1,FAKE,LA_0017,test,ASVspoof2019_LA,phone_like
LA_E_9079888_phone_segment_001.wav,LA_E_9079888.flac,LA_E_9079888_phone.wav,1,FAKE,LA_0045,test,ASVspoof2019_LA,phone_like
LA_E_8382259_phone_segment_001.wav,LA_E_8382259.flac,LA_E_8382259_phone.wav,0,REAL,LA_0020,test,ASVspoof2019_LA,phone_like
LA_E_8382259_phone_segment_002.wav,LA_E_8382259.flac,LA_E_8382259_phone.wav,0,REAL,LA_0020,test,ASVspoof2019_LA,phone_like
LA_E_4245663_phone_segment_001.wav,LA_E_4245663.flac,LA_E_4245663_phone.wav,1,FAKE,LA_0014,test,ASVspoof2019_LA,phone_like
LA_E_4553648_phone_segment_001.wav,LA_E_4553648.flac,LA_E_4553648_phone.wav,1,FAKE,LA_0041,test,ASVspoof2019_LA,phone_like
LA_E_4553648_phone_segment_002.wav,LA_E_4553648.flac,LA_E_4553648_phone.wav,1,FAKE,LA_0041,test,ASVspoof2019_LA,phone_like
LA_E_4680097_phone_segment_001.wav,LA_E_4680097.flac,LA_E_4680097_phone.wav,0,REAL,LA_0017,test,ASVspoof2019_LA,phone_like
LA_E_4680097_phone_segment_002.wav,LA_E_4680097.flac,LA_E_4680097_phone.wav,0,REAL,LA_0017,test,ASVspoof2019_LA,phone_like
LA_E_1381992_phone_segment_001.wav,LA_E_1381992.flac,LA_E_1381992_phone.wav,1,FAKE,LA_0020,test,ASVspoof2019_LA,phone_like
LA_E_1381992_phone_segment_002.wav,LA_E_1381992.flac,LA_E_1381992_phone.wav,1,FAKE,LA_0020,test,ASVspoof2019_LA,phone_like
LA_E_9551279_phone_segment_001.wav,LA_E_9551279.flac,LA_E_9551279_phone.wav,1,FAKE,LA_0035,test,ASVspoof2019_LA,phone_like
LA_E_2252611_phone_segment_001.wav,LA_E_2252611.flac,LA_E_2252611_phone.wav,1,FAKE,LA_0022,test,ASVspoof2019_LA,phone_like
LA_E_2252611_phone_segment_002.wav,LA_E_2252611.flac,LA_E_2252611_phone.wav,1,FAKE,LA_0022,test,ASVspoof2019_LA,phone_like
LA_E_6677864_phone_segment_001.wav,LA_E_6677864.flac,LA_E_6677864_phone.wav,0,REAL,LA_0041,test,ASVspoof2019_LA,phone_like
LA_E_7277286_phone_segment_001.wav,LA_E_7277286.flac,LA_E_7277286_phone.wav,0,REAL,LA_0050,test,ASVspoof2019_LA,phone_like
LA_E_7277286_phone_segment_002.wav,LA_E_7277286.flac,LA_E_7277286_phone.wav,0,REAL,LA_0050,test,ASVspoof2019_LA,phone_like
LA_E_7214407_phone_segment_001.wav,LA_E_7214407.flac,LA_E_7214407_phone.wav,0,REAL,LA_0010,test,ASVspoof2019_LA,phone_like
LA_E_9043201_phone_segment_001.wav,LA_E_9043201.flac,LA_E_9043201_phone.wav,1,FAKE,LA_0016,test,ASVspoof2019_LA,phone_like
LA_E_5980083_phone_segment_001.wav,LA_E_5980083.flac,LA_E_5980083_phone.wav,1,FAKE,LA_0020,test,ASVspoof2019_LA,phone_like
LA_E_1070252_phone_segment_001.wav,LA_E_1070252.flac,LA_E_1070252_phone.wav,0,REAL,LA_0009,test,ASVspoof2019_LA,phone_like
LA_E_1070252_phone_segment_002.wav,LA_E_1070252.flac,LA_E_1070252_phone.wav,0,REAL,LA_0009,test,ASVspoof2019_LA,phone_like
LA_E_7783675_phone_segment_001.wav,LA_E_7783675.flac,LA_E_7783675_phone.wav,1,FAKE,LA_0029,test,ASVspoof2019_LA,phone_like
LA_E_6439636_phone_segment_001.wav,LA_E_6439636.flac,LA_E_6439636_phone.wav,0,REAL,LA_0008,test,ASVspoof2019_LA,phone_like
LA_E_3837364_phone_segment_001.wav,LA_E_3837364.flac,LA_E_3837364_phone.wav,1,FAKE,LA_0041,test,ASVspoof2019_LA,phone_like
LA_E_3837364_phone_segment_002.wav,LA_E_3837364.flac,LA_E_3837364_phone.wav,1,FAKE,LA_0041,test,ASVspoof2019_LA,phone_like
LA_E_5068699_phone_segment_001.wav,LA_E_5068699.flac,LA_E_5068699_phone.wav,0,REAL,LA_0029,test,ASVspoof2019_LA,phone_like
LA_E_5068699_phone_segment_002.wav,LA_E_5068699.flac,LA_E_5068699_phone.wav,0,REAL,LA_0029,test,ASVspoof2019_LA,phone_like
LA_E_5257092_phone_segment_001.wav,LA_E_5257092.flac,LA_E_5257092_phone.wav,0,REAL,LA_0045,test,ASVspoof2019_LA,phone_like
LA_E_2300971_phone_segment_001.wav,LA_E_2300971.flac,LA_E_2300971_phone.wav,1,FAKE,LA_0011,test,ASVspoof2019_LA,phone_like
LA_E_2300971_phone_segment_002.wav,LA_E_2300971.flac,LA_E_2300971_phone.wav,1,FAKE,LA_0011,test,ASVspoof2019_LA,phone_like
LA_E_6616034_phone_segment_001.wav,LA_E_6616034.flac,LA_E_6616034_phone.wav,1,FAKE,LA_0048,test,ASVspoof2019_LA,phone_like
LA_E_2927167_phone_segment_001.wav,LA_E_2927167.flac,LA_E_2927167_phone.wav,0,REAL,LA_0050,test,ASVspoof2019_LA,phone_like
LA_E_2927167_phone_segment_002.wav,LA_E_2927167.flac,LA_E_2927167_phone.wav,0,REAL,LA_0050,test,ASVspoof2019_LA,phone_like
LA_E_4446740_phone_segment_001.wav,LA_E_4446740.flac,LA_E_4446740_phone.wav,0,REAL,LA_0041,test,ASVspoof2019_LA,phone_like
LA_E_8888975_phone_segment_001.wav,LA_E_8888975.flac,LA_E_8888975_phone.wav,1,FAKE,LA_0018,test,ASVspoof2019_LA,phone_like
LA_E_1330013_phone_segment_001.wav,LA_E_1330013.flac,LA_E_1330013_phone.wav,1,FAKE,LA_0022,test,ASVspoof2019_LA,phone_like
LA_E_8353060_phone_segment_001.wav,LA_E_8353060.flac,LA_E_8353060_phone.wav,0,REAL,LA_0035,test,ASVspoof2019_LA,phone_like
LA_E_8353060_phone_segment_002.wav,LA_E_8353060.flac,LA_E_8353060_phone.wav,0,REAL,LA_0035,test,ASVspoof2019_LA,phone_like
LA_E_8278378_phone_segment_001.wav,LA_E_8278378.flac,LA_E_8278378_phone.wav,0,REAL,LA_0043,test,ASVspoof2019_LA,phone_like
LA_E_7634666_phone_segment_001.wav,LA_E_7634666.flac,LA_E_7634666_phone.wav,1,FAKE,LA_0015,test,ASVspoof2019_LA,phone_like
LA_E_7634666_phone_segment_002.wav,LA_E_7634666.flac,LA_E_7634666_phone.wav,1,FAKE,LA_0015,test,ASVspoof2019_LA,phone_like
LA_E_7531986_phone_segment_001.wav,LA_E_7531986.flac,LA_E_7531986_phone.wav,0,REAL,LA_0032,test,ASVspoof2019_LA,phone_like
LA_E_7531986_phone_segment_002.wav,LA_E_7531986.flac,LA_E_7531986_phone.wav,0,REAL,LA_0032,test,ASVspoof2019_LA,phone_like
LA_E_9377546_phone_segment_001.wav,LA_E_9377546.flac,LA_E_9377546_phone.wav,0,REAL,LA_0018,test,ASVspoof2019_LA,phone_like
LA_E_9377546_phone_segment_002.wav,LA_E_9377546.flac,LA_E_9377546_phone.wav,0,REAL,LA_0018,test,ASVspoof2019_LA,phone_like
LA_E_6266185_phone_segment_001.wav,LA_E_6266185.flac,LA_E_6266185_phone.wav,1,FAKE,LA_0024,test,ASVspoof2019_LA,phone_like
LA_E_6266185_phone_segment_002.wav,LA_E_6266185.flac,LA_E_6266185_phone.wav,1,FAKE,LA_0024,test,ASVspoof2019_LA,phone_like
LA_E_7533772_phone_segment_001.wav,LA_E_7533772.flac,LA_E_7533772_phone.wav,1,FAKE,LA_0014,test,ASVspoof2019_LA,phone_like
LA_E_7592843_phone_segment_001.wav,LA_E_7592843.flac,LA_E_7592843_phone.wav,1,FAKE,LA_0004,test,ASVspoof2019_LA,phone_like
LA_E_3255325_phone_segment_001.wav,LA_E_3255325.flac,LA_E_3255325_phone.wav,1,FAKE,LA_0020,test,ASVspoof2019_LA,phone_like
LA_E_3212084_phone_segment_001.wav,LA_E_3212084.flac,LA_E_3212084_phone.wav,0,REAL,LA_0058,test,ASVspoof2019_LA,phone_like
LA_E_8733829_phone_segment_001.wav,LA_E_8733829.flac,LA_E_8733829_phone.wav,0,REAL,LA_0017,test,ASVspoof2019_LA,phone_like
LA_E_8733829_phone_segment_002.wav,LA_E_8733829.flac,LA_E_8733829_phone.wav,0,REAL,LA_0017,test,ASVspoof2019_LA,phone_like
LA_E_1760881_phone_segment_001.wav,LA_E_1760881.flac,LA_E_1760881_phone.wav,1,FAKE,LA_0035,test,ASVspoof2019_LA,phone_like
LA_E_1439706_phone_segment_001.wav,LA_E_1439706.flac,LA_E_1439706_phone.wav,1,FAKE,LA_0011,test,ASVspoof2019_LA,phone_like
LA_E_1439706_phone_segment_002.wav,LA_E_1439706.flac,LA_E_1439706_phone.wav,1,FAKE,LA_0011,test,ASVspoof2019_LA,phone_like
LA_E_6334492_phone_segment_001.wav,LA_E_6334492.flac,LA_E_6334492_phone.wav,1,FAKE,LA_0002,test,ASVspoof2019_LA,phone_like
LA_E_2714189_phone_segment_001.wav,LA_E_2714189.flac,LA_E_2714189_phone.wav,0,REAL,LA_0063,test,ASVspoof2019_LA,phone_like
LA_E_2714189_phone_segment_002.wav,LA_E_2714189.flac,LA_E_2714189_phone.wav,0,REAL,LA_0063,test,ASVspoof2019_LA,phone_like
LA_E_1009640_phone_segment_001.wav,LA_E_1009640.flac,LA_E_1009640_phone.wav,1,FAKE,LA_0037,test,ASVspoof2019_LA,phone_like
LA_E_9339157_phone_segment_001.wav,LA_E_9339157.flac,LA_E_9339157_phone.wav,1,FAKE,LA_0016,test,ASVspoof2019_LA,phone_like
LA_E_9339157_phone_segment_002.wav,LA_E_9339157.flac,LA_E_9339157_phone.wav,1,FAKE,LA_0016,test,ASVspoof2019_LA,phone_like
LA_E_2899956_phone_segment_001.wav,LA_E_2899956.flac,LA_E_2899956_phone.wav,0,REAL,LA_0054,test,ASVspoof2019_LA,phone_like
LA_E_2899956_phone_segment_002.wav,LA_E_2899956.flac,LA_E_2899956_phone.wav,0,REAL,LA_0054,test,ASVspoof2019_LA,phone_like
LA_E_4741993_phone_segment_001.wav,LA_E_4741993.flac,LA_E_4741993_phone.wav,1,FAKE,LA_0011,test,ASVspoof2019_LA,phone_like
LA_E_4741993_phone_segment_002.wav,LA_E_4741993.flac,LA_E_4741993_phone.wav,1,FAKE,LA_0011,test,ASVspoof2019_LA,phone_like
LA_E_2462935_phone_segment_001.wav,LA_E_2462935.flac,LA_E_2462935_phone.wav,0,REAL,LA_0024,test,ASVspoof2019_LA,phone_like
LA_E_2462935_phone_segment_002.wav,LA_E_2462935.flac,LA_E_2462935_phone.wav,0,REAL,LA_0024,test,ASVspoof2019_LA,phone_like
LA_E_9958197_phone_segment_001.wav,LA_E_9958197.flac,LA_E_9958197_phone.wav,0,REAL,LA_0029,test,ASVspoof2019_LA,phone_like
LA_E_9958197_phone_segment_002.wav,LA_E_9958197.flac,LA_E_9958197_phone.wav,0,REAL,LA_0029,test,ASVspoof2019_LA,phone_like
LA_E_4664197_phone_segment_001.wav,LA_E_4664197.flac,LA_E_4664197_phone.wav,1,FAKE,LA_0027,test,ASVspoof2019_LA,phone_like
LA_E_4664197_phone_segment_002.wav,LA_E_4664197.flac,LA_E_4664197_phone.wav,1,FAKE,LA_0027,test,ASVspoof2019_LA,phone_like
LA_E_4664197_phone_segment_003.wav,LA_E_4664197.flac,LA_E_4664197_phone.wav,1,FAKE,LA_0027,test,ASVspoof2019_LA,phone_like
LA_E_1921321_phone_segment_001.wav,LA_E_1921321.flac,LA_E_1921321_phone.wav,0,REAL,LA_0001,test,ASVspoof2019_LA,phone_like
LA_E_9859405_phone_segment_001.wav,LA_E_9859405.flac,LA_E_9859405_phone.wav,0,REAL,LA_0045,test,ASVspoof2019_LA,phone_like
LA_E_7322638_phone_segment_001.wav,LA_E_7322638.flac,LA_E_7322638_phone.wav,1,FAKE,LA_0014,test,ASVspoof2019_LA,phone_like
LA_E_7322638_phone_segment_002.wav,LA_E_7322638.flac,LA_E_7322638_phone.wav,1,FAKE,LA_0014,test,ASVspoof2019_LA,phone_like
LA_E_1125899_phone_segment_001.wav,LA_E_1125899.flac,LA_E_1125899_phone.wav,1,FAKE,LA_0014,test,ASVspoof2019_LA,phone_like
LA_E_1125899_phone_segment_002.wav,LA_E_1125899.flac,LA_E_1125899_phone.wav,1,FAKE,LA_0014,test,ASVspoof2019_LA,phone_like
LA_E_8264854_phone_segment_001.wav,LA_E_8264854.flac,LA_E_8264854_phone.wav,1,FAKE,LA_0020,test,ASVspoof2019_LA,phone_like
LA_E_7073340_phone_segment_001.wav,LA_E_7073340.flac,LA_E_7073340_phone.wav,0,REAL,LA_0009,test,ASVspoof2019_LA,phone_like
LA_E_7073340_phone_segment_002.wav,LA_E_7073340.flac,LA_E_7073340_phone.wav,0,REAL,LA_0009,test,ASVspoof2019_LA,phone_like
LA_E_4502910_phone_segment_001.wav,LA_E_4502910.flac,LA_E_4502910_phone.wav,0,REAL,LA_0038,test,ASVspoof2019_LA,phone_like
LA_E_4502910_phone_segment_002.wav,LA_E_4502910.flac,LA_E_4502910_phone.wav,0,REAL,LA_0038,test,ASVspoof2019_LA,phone_like
LA_E_7036499_phone_segment_001.wav,LA_E_7036499.flac,LA_E_7036499_phone.wav,1,FAKE,LA_0048,test,ASVspoof2019_LA,phone_like
LA_E_9285491_phone_segment_001.wav,LA_E_9285491.flac,LA_E_9285491_phone.wav,1,FAKE,LA_0013,test,ASVspoof2019_LA,phone_like
LA_E_9285491_phone_segment_002.wav,LA_E_9285491.flac,LA_E_9285491_phone.wav,1,FAKE,LA_0013,test,ASVspoof2019_LA,phone_like
LA_E_8296247_phone_segment_001.wav,LA_E_8296247.flac,LA_E_8296247_phone.wav,0,REAL,LA_0023,test,ASVspoof2019_LA,phone_like
LA_E_7675318_phone_segment_001.wav,LA_E_7675318.flac,LA_E_7675318_phone.wav,0,REAL,LA_0043,test,ASVspoof2019_LA,phone_like
LA_E_7675318_phone_segment_002.wav,LA_E_7675318.flac,LA_E_7675318_phone.wav,0,REAL,LA_0043,test,ASVspoof2019_LA,phone_like
LA_E_7278246_phone_segment_001.wav,LA_E_7278246.flac,LA_E_7278246_phone.wav,1,FAKE,LA_0017,test,ASVspoof2019_LA,phone_like
LA_E_4596836_phone_segment_001.wav,LA_E_4596836.flac,LA_E_4596836_phone.wav,0,REAL,LA_0047,test,ASVspoof2019_LA,phone_like
LA_E_4596836_phone_segment_002.wav,LA_E_4596836.flac,LA_E_4596836_phone.wav,0,REAL,LA_0047,test,ASVspoof2019_LA,phone_like
LA_E_2776838_phone_segment_001.wav,LA_E_2776838.flac,LA_E_2776838_phone.wav,0,REAL,LA_0066,test,ASVspoof2019_LA,phone_like
LA_E_2776838_phone_segment_002.wav,LA_E_2776838.flac,LA_E_2776838_phone.wav,0,REAL,LA_0066,test,ASVspoof2019_LA,phone_like
LA_E_3158386_phone_segment_001.wav,LA_E_3158386.flac,LA_E_3158386_phone.wav,1,FAKE,LA_0039,test,ASVspoof2019_LA,phone_like
LA_E_3158386_phone_segment_002.wav,LA_E_3158386.flac,LA_E_3158386_phone.wav,1,FAKE,LA_0039,test,ASVspoof2019_LA,phone_like
LA_E_6610003_phone_segment_001.wav,LA_E_6610003.flac,LA_E_6610003_phone.wav,0,REAL,LA_0025,test,ASVspoof2019_LA,phone_like
LA_E_6610003_phone_segment_002.wav,LA_E_6610003.flac,LA_E_6610003_phone.wav,0,REAL,LA_0025,test,ASVspoof2019_LA,phone_like
LA_E_3932423_phone_segment_001.wav,LA_E_3932423.flac,LA_E_3932423_phone.wav,1,FAKE,LA_0033,test,ASVspoof2019_LA,phone_like
LA_E_1357107_phone_segment_001.wav,LA_E_1357107.flac,LA_E_1357107_phone.wav,0,REAL,LA_0031,test,ASVspoof2019_LA,phone_like
LA_E_9394007_phone_segment_001.wav,LA_E_9394007.flac,LA_E_9394007_phone.wav,1,FAKE,LA_0033,test,ASVspoof2019_LA,phone_like
LA_E_9394007_phone_segment_002.wav,LA_E_9394007.flac,LA_E_9394007_phone.wav,1,FAKE,LA_0033,test,ASVspoof2019_LA,phone_like
LA_E_4008479_phone_segment_001.wav,LA_E_4008479.flac,LA_E_4008479_phone.wav,0,REAL,LA_0018,test,ASVspoof2019_LA,phone_like
LA_E_6225729_phone_segment_001.wav,LA_E_6225729.flac,LA_E_6225729_phone.wav,1,FAKE,LA_0035,test,ASVspoof2019_LA,phone_like
LA_E_6225729_phone_segment_002.wav,LA_E_6225729.flac,LA_E_6225729_phone.wav,1,FAKE,LA_0035,test,ASVspoof2019_LA,phone_like
LA_E_7352456_phone_segment_001.wav,LA_E_7352456.flac,LA_E_7352456_phone.wav,1,FAKE,LA_0029,test,ASVspoof2019_LA,phone_like
LA_E_7352456_phone_segment_002.wav,LA_E_7352456.flac,LA_E_7352456_phone.wav,1,FAKE,LA_0029,test,ASVspoof2019_LA,phone_like
LA_E_6212470_phone_segment_001.wav,LA_E_6212470.flac,LA_E_6212470_phone.wav,1,FAKE,LA_0032,test,ASVspoof2019_LA,phone_like
LA_E_6212470_phone_segment_002.wav,LA_E_6212470.flac,LA_E_6212470_phone.wav,1,FAKE,LA_0032,test,ASVspoof2019_LA,phone_like
LA_E_4972083_phone_segment_001.wav,LA_E_4972083.flac,LA_E_4972083_phone.wav,1,FAKE,LA_0023,test,ASVspoof2019_LA,phone_like
LA_E_8313081_phone_segment_001.wav,LA_E_8313081.flac,LA_E_8313081_phone.wav,0,REAL,LA_0017,test,ASVspoof2019_LA,phone_like
LA_E_8313081_phone_segment_002.wav,LA_E_8313081.flac,LA_E_8313081_phone.wav,0,REAL,LA_0017,test,ASVspoof2019_LA,phone_like
LA_E_2638344_phone_segment_001.wav,LA_E_2638344.flac,LA_E_2638344_phone.wav,0,REAL,LA_0060,test,ASVspoof2019_LA,phone_like
LA_E_6128759_phone_segment_001.wav,LA_E_6128759.flac,LA_E_6128759_phone.wav,0,REAL,LA_0033,test,ASVspoof2019_LA,phone_like
LA_E_2368562_phone_segment_001.wav,LA_E_2368562.flac,LA_E_2368562_phone.wav,0,REAL,LA_0022,test,ASVspoof2019_LA,phone_like
LA_E_2368562_phone_segment_002.wav,LA_E_2368562.flac,LA_E_2368562_phone.wav,0,REAL,LA_0022,test,ASVspoof2019_LA,phone_like
LA_E_1019903_phone_segment_001.wav,LA_E_1019903.flac,LA_E_1019903_phone.wav,1,FAKE,LA_0035,test,ASVspoof2019_LA,phone_like
LA_E_1019903_phone_segment_002.wav,LA_E_1019903.flac,LA_E_1019903_phone.wav,1,FAKE,LA_0035,test,ASVspoof2019_LA,phone_like
LA_E_1409215_phone_segment_001.wav,LA_E_1409215.flac,LA_E_1409215_phone.wav,0,REAL,LA_0056,test,ASVspoof2019_LA,phone_like
LA_E_1409215_phone_segment_002.wav,LA_E_1409215.flac,LA_E_1409215_phone.wav,0,REAL,LA_0056,test,ASVspoof2019_LA,phone_like
LA_E_5058525_phone_segment_001.wav,LA_E_5058525.flac,LA_E_5058525_phone.wav,0,REAL,LA_0049,test,ASVspoof2019_LA,phone_like
LA_E_9670886_phone_segment_001.wav,LA_E_9670886.flac,LA_E_9670886_phone.wav,1,FAKE,LA_0047,test,ASVspoof2019_LA,phone_like
LA_E_5469597_phone_segment_001.wav,LA_E_5469597.flac,LA_E_5469597_phone.wav,1,FAKE,LA_0039,test,ASVspoof2019_LA,phone_like
LA_E_2662600_phone_segment_001.wav,LA_E_2662600.flac,LA_E_2662600_phone.wav,0,REAL,LA_0004,test,ASVspoof2019_LA,phone_like
LA_E_6619416_phone_segment_001.wav,LA_E_6619416.flac,LA_E_6619416_phone.wav,0,REAL,LA_0054,test,ASVspoof2019_LA,phone_like
LA_E_2668417_phone_segment_001.wav,LA_E_2668417.flac,LA_E_2668417_phone.wav,0,REAL,LA_0056,test,ASVspoof2019_LA,phone_like
LA_E_2668417_phone_segment_002.wav,LA_E_2668417.flac,LA_E_2668417_phone.wav,0,REAL,LA_0056,test,ASVspoof2019_LA,phone_like
LA_E_6410992_phone_segment_001.wav,LA_E_6410992.flac,LA_E_6410992_phone.wav,0,REAL,LA_0037,test,ASVspoof2019_LA,phone_like
LA_E_6410992_phone_segment_002.wav,LA_E_6410992.flac,LA_E_6410992_phone.wav,0,REAL,LA_0037,test,ASVspoof2019_LA,phone_like
LA_E_1290731_phone_segment_001.wav,LA_E_1290731.flac,LA_E_1290731_phone.wav,1,FAKE,LA_0011,test,ASVspoof2019_LA,phone_like
LA_E_1290731_phone_segment_002.wav,LA_E_1290731.flac,LA_E_1290731_phone.wav,1,FAKE,LA_0011,test,ASVspoof2019_LA,phone_like
LA_E_9242358_phone_segment_001.wav,LA_E_9242358.flac,LA_E_9242358_phone.wav,1,FAKE,LA_0025,test,ASVspoof2019_LA,phone_like
LA_E_9242358_phone_segment_002.wav,LA_E_9242358.flac,LA_E_9242358_phone.wav,1,FAKE,LA_0025,test,ASVspoof2019_LA,phone_like
LA_E_5041287_phone_segment_001.wav,LA_E_5041287.flac,LA_E_5041287_phone.wav,0,REAL,LA_0028,test,ASVspoof2019_LA,phone_like
LA_E_5041287_phone_segment_002.wav,LA_E_5041287.flac,LA_E_5041287_phone.wav,0,REAL,LA_0028,test,ASVspoof2019_LA,phone_like
LA_E_3828016_phone_segment_001.wav,LA_E_3828016.flac,LA_E_3828016_phone.wav,0,REAL,LA_0035,test,ASVspoof2019_LA,phone_like
LA_E_3828016_phone_segment_002.wav,LA_E_3828016.flac,LA_E_3828016_phone.wav,0,REAL,LA_0035,test,ASVspoof2019_LA,phone_like
LA_E_4497015_phone_segment_001.wav,LA_E_4497015.flac,LA_E_4497015_phone.wav,1,FAKE,LA_0003,test,ASVspoof2019_LA,phone_like
LA_E_8279567_phone_segment_001.wav,LA_E_8279567.flac,LA_E_8279567_phone.wav,1,FAKE,LA_0017,test,ASVspoof2019_LA,phone_like
LA_E_8279567_phone_segment_002.wav,LA_E_8279567.flac,LA_E_8279567_phone.wav,1,FAKE,LA_0017,test,ASVspoof2019_LA,phone_like
LA_E_8751912_phone_segment_001.wav,LA_E_8751912.flac,LA_E_8751912_phone.wav,1,FAKE,LA_0005,test,ASVspoof2019_LA,phone_like
LA_E_7611723_phone_segment_001.wav,LA_E_7611723.flac,LA_E_7611723_phone.wav,1,FAKE,LA_0032,test,ASVspoof2019_LA,phone_like
LA_E_4361685_phone_segment_001.wav,LA_E_4361685.flac,LA_E_4361685_phone.wav,0,REAL,LA_0029,test,ASVspoof2019_LA,phone_like
LA_E_4027833_phone_segment_001.wav,LA_E_4027833.flac,LA_E_4027833_phone.wav,0,REAL,LA_0039,test,ASVspoof2019_LA,phone_like
LA_E_3675565_phone_segment_001.wav,LA_E_3675565.flac,LA_E_3675565_phone.wav,1,FAKE,LA_0043,test,ASVspoof2019_LA,phone_like
LA_E_3675565_phone_segment_002.wav,LA_E_3675565.flac,LA_E_3675565_phone.wav,1,FAKE,LA_0043,test,ASVspoof2019_LA,phone_like
LA_E_3675565_phone_segment_003.wav,LA_E_3675565.flac,LA_E_3675565_phone.wav,1,FAKE,LA_0043,test,ASVspoof2019_LA,phone_like
LA_E_7772704_phone_segment_001.wav,LA_E_7772704.flac,LA_E_7772704_phone.wav,0,REAL,LA_0039,test,ASVspoof2019_LA,phone_like
LA_E_7772704_phone_segment_002.wav,LA_E_7772704.flac,LA_E_7772704_phone.wav,0,REAL,LA_0039,test,ASVspoof2019_LA,phone_like
LA_E_6324052_phone_segment_001.wav,LA_E_6324052.flac,LA_E_6324052_phone.wav,1,FAKE,LA_0045,test,ASVspoof2019_LA,phone_like
LA_E_6324052_phone_segment_002.wav,LA_E_6324052.flac,LA_E_6324052_phone.wav,1,FAKE,LA_0045,test,ASVspoof2019_LA,phone_like
LA_E_6324052_phone_segment_003.wav,LA_E_6324052.flac,LA_E_6324052_phone.wav,1,FAKE,LA_0045,test,ASVspoof2019_LA,phone_like
LA_E_4870031_phone_segment_001.wav,LA_E_4870031.flac,LA_E_4870031_phone.wav,0,REAL,LA_0022,test,ASVspoof2019_LA,phone_like
LA_E_4870031_phone_segment_002.wav,LA_E_4870031.flac,LA_E_4870031_phone.wav,0,REAL,LA_0022,test,ASVspoof2019_LA,phone_like
LA_E_1584651_phone_segment_001.wav,LA_E_1584651.flac,LA_E_1584651_phone.wav,0,REAL,LA_0006,test,ASVspoof2019_LA,phone_like
LA_E_1584651_phone_segment_002.wav,LA_E_1584651.flac,LA_E_1584651_phone.wav,0,REAL,LA_0006,test,ASVspoof2019_LA,phone_like
LA_E_8516535_phone_segment_001.wav,LA_E_8516535.flac,LA_E_8516535_phone.wav,0,REAL,LA_0012,test,ASVspoof2019_LA,phone_like
LA_E_8516535_phone_segment_002.wav,LA_E_8516535.flac,LA_E_8516535_phone.wav,0,REAL,LA_0012,test,ASVspoof2019_LA,phone_like
LA_E_6531800_phone_segment_001.wav,LA_E_6531800.flac,LA_E_6531800_phone.wav,0,REAL,LA_0044,test,ASVspoof2019_LA,phone_like
LA_E_7180818_phone_segment_001.wav,LA_E_7180818.flac,LA_E_7180818_phone.wav,0,REAL,LA_0022,test,ASVspoof2019_LA,phone_like
LA_E_7180818_phone_segment_002.wav,LA_E_7180818.flac,LA_E_7180818_phone.wav,0,REAL,LA_0022,test,ASVspoof2019_LA,phone_like
LA_E_1068487_phone_segment_001.wav,LA_E_1068487.flac,LA_E_1068487_phone.wav,1,FAKE,LA_0016,test,ASVspoof2019_LA,phone_like
LA_E_8545888_phone_segment_001.wav,LA_E_8545888.flac,LA_E_8545888_phone.wav,1,FAKE,LA_0012,test,ASVspoof2019_LA,phone_like
LA_E_8545888_phone_segment_002.wav,LA_E_8545888.flac,LA_E_8545888_phone.wav,1,FAKE,LA_0012,test,ASVspoof2019_LA,phone_like
LA_E_2387062_phone_segment_001.wav,LA_E_2387062.flac,LA_E_2387062_phone.wav,1,FAKE,LA_0014,test,ASVspoof2019_LA,phone_like
LA_E_3445486_phone_segment_001.wav,LA_E_3445486.flac,LA_E_3445486_phone.wav,0,REAL,LA_0006,test,ASVspoof2019_LA,phone_like
LA_E_3445486_phone_segment_002.wav,LA_E_3445486.flac,LA_E_3445486_phone.wav,0,REAL,LA_0006,test,ASVspoof2019_LA,phone_like
LA_E_3837880_phone_segment_001.wav,LA_E_3837880.flac,LA_E_3837880_phone.wav,1,FAKE,LA_0009,test,ASVspoof2019_LA,phone_like
LA_E_3498655_phone_segment_001.wav,LA_E_3498655.flac,LA_E_3498655_phone.wav,1,FAKE,LA_0035,test,ASVspoof2019_LA,phone_like
LA_E_8624167_phone_segment_001.wav,LA_E_8624167.flac,LA_E_8624167_phone.wav,0,REAL,LA_0034,test,ASVspoof2019_LA,phone_like
LA_E_8624167_phone_segment_002.wav,LA_E_8624167.flac,LA_E_8624167_phone.wav,0,REAL,LA_0034,test,ASVspoof2019_LA,phone_like
LA_E_1382043_phone_segment_001.wav,LA_E_1382043.flac,LA_E_1382043_phone.wav,0,REAL,LA_0053,test,ASVspoof2019_LA,phone_like
LA_E_6860497_phone_segment_001.wav,LA_E_6860497.flac,LA_E_6860497_phone.wav,1,FAKE,LA_0023,test,ASVspoof2019_LA,phone_like
LA_E_6860497_phone_segment_002.wav,LA_E_6860497.flac,LA_E_6860497_phone.wav,1,FAKE,LA_0023,test,ASVspoof2019_LA,phone_like
LA_E_9529847_phone_segment_001.wav,LA_E_9529847.flac,LA_E_9529847_phone.wav,1,FAKE,LA_0042,test,ASVspoof2019_LA,phone_like
LA_E_6167002_phone_segment_001.wav,LA_E_6167002.flac,LA_E_6167002_phone.wav,1,FAKE,LA_0013,test,ASVspoof2019_LA,phone_like
LA_E_6468342_phone_segment_001.wav,LA_E_6468342.flac,LA_E_6468342_phone.wav,1,FAKE,LA_0021,test,ASVspoof2019_LA,phone_like
LA_E_2224946_phone_segment_001.wav,LA_E_2224946.flac,LA_E_2224946_phone.wav,0,REAL,LA_0036,test,ASVspoof2019_LA,phone_like
LA_E_2224946_phone_segment_002.wav,LA_E_2224946.flac,LA_E_2224946_phone.wav,0,REAL,LA_0036,test,ASVspoof2019_LA,phone_like
LA_E_5707367_phone_segment_001.wav,LA_E_5707367.flac,LA_E_5707367_phone.wav,1,FAKE,LA_0027,test,ASVspoof2019_LA,phone_like
LA_E_5707367_phone_segment_002.wav,LA_E_5707367.flac,LA_E_5707367_phone.wav,1,FAKE,LA_0027,test,ASVspoof2019_LA,phone_like
LA_E_9769304_phone_segment_001.wav,LA_E_9769304.flac,LA_E_9769304_phone.wav,0,REAL,LA_0033,test,ASVspoof2019_LA,phone_like
LA_E_4493422_phone_segment_001.wav,LA_E_4493422.flac,LA_E_4493422_phone.wav,0,REAL,LA_0058,test,ASVspoof2019_LA,phone_like
LA_E_4493422_phone_segment_002.wav,LA_E_4493422.flac,LA_E_4493422_phone.wav,0,REAL,LA_0058,test,ASVspoof2019_LA,phone_like
LA_E_2222897_phone_segment_001.wav,LA_E_2222897.flac,LA_E_2222897_phone.wav,1,FAKE,LA_0039,test,ASVspoof2019_LA,phone_like
LA_E_5008274_phone_segment_001.wav,LA_E_5008274.flac,LA_E_5008274_phone.wav,1,FAKE,LA_0022,test,ASVspoof2019_LA,phone_like
LA_E_9628842_phone_segment_001.wav,LA_E_9628842.flac,LA_E_9628842_phone.wav,0,REAL,LA_0020,test,ASVspoof2019_LA,phone_like
LA_E_9628842_phone_segment_002.wav,LA_E_9628842.flac,LA_E_9628842_phone.wav,0,REAL,LA_0020,test,ASVspoof2019_LA,phone_like
LA_E_3819623_phone_segment_001.wav,LA_E_3819623.flac,LA_E_3819623_phone.wav,1,FAKE,LA_0020,test,ASVspoof2019_LA,phone_like
LA_E_9108302_phone_segment_001.wav,LA_E_9108302.flac,LA_E_9108302_phone.wav,0,REAL,LA_0004,test,ASVspoof2019_LA,phone_like
LA_E_2796337_phone_segment_001.wav,LA_E_2796337.flac,LA_E_2796337_phone.wav,1,FAKE,LA_0004,test,ASVspoof2019_LA,phone_like
LA_E_2796337_phone_segment_002.wav,LA_E_2796337.flac,LA_E_2796337_phone.wav,1,FAKE,LA_0004,test,ASVspoof2019_LA,phone_like
LA_E_6488985_phone_segment_001.wav,LA_E_6488985.flac,LA_E_6488985_phone.wav,0,REAL,LA_0014,test,ASVspoof2019_LA,phone_like
LA_E_7164616_phone_segment_001.wav,LA_E_7164616.flac,LA_E_7164616_phone.wav,0,REAL,LA_0029,test,ASVspoof2019_LA,phone_like
LA_E_7164616_phone_segment_002.wav,LA_E_7164616.flac,LA_E_7164616_phone.wav,0,REAL,LA_0029,test,ASVspoof2019_LA,phone_like
LA_E_4226873_phone_segment_001.wav,LA_E_4226873.flac,LA_E_4226873_phone.wav,1,FAKE,LA_0045,test,ASVspoof2019_LA,phone_like
LA_E_4511907_phone_segment_001.wav,LA_E_4511907.flac,LA_E_4511907_phone.wav,1,FAKE,LA_0041,test,ASVspoof2019_LA,phone_like
LA_E_4511907_phone_segment_002.wav,LA_E_4511907.flac,LA_E_4511907_phone.wav,1,FAKE,LA_0041,test,ASVspoof2019_LA,phone_like
