filename,duration_seconds,sampling_rate_hz,channels,format,subtype
DF_E_2000011.flac,1.425,16000,1,FLAC,PCM_16
DF_E_2000013.flac,3.2,16000,1,FLAC,PCM_16
DF_E_2000024.flac,1.856,16000,1,FLAC,PCM_16
DF_E_2000026.flac,2.944,16000,1,FLAC,PCM_16
DF_E_2000027.flac,1.856,16000,1,FLAC,PCM_16
DF_E_2000028.flac,1.51,16000,1,FLAC,PCM_16
DF_E_2000031.flac,3.008,16000,1,FLAC,PCM_16
DF_E_2000032.flac,3.904,16000,1,FLAC,PCM_16
DF_E_2000040.flac,3.136,16000,1,FLAC,PCM_16
DF_E_2000042.flac,4.352,16000,1,FLAC,PCM_16
DF_E_2000044.flac,2.736,16000,1,FLAC,PCM_16
DF_E_2000048.flac,2.944,16000,1,FLAC,PCM_16
DF_E_2000049.flac,1.408,16000,1,FLAC,PCM_16
DF_E_2000053.flac,3.968,16000,1,FLAC,PCM_16
DF_E_2000055.flac,4.584,16000,1,FLAC,PCM_16
DF_E_2000058.flac,1.728,16000,1,FLAC,PCM_16
DF_E_2000072.flac,4.712,16000,1,FLAC,PCM_16
DF_E_2000075.flac,3.136,16000,1,FLAC,PCM_16
DF_E_2000079.flac,2.688,16000,1,FLAC,PCM_16
DF_E_2000080.flac,2.248,16000,1,FLAC,PCM_16
